	Match	Place	Latitude	Longitude	Time
0	England vs Sri Lanka, 5th ODI	Sophia Gardens, Cardiff	51.484295	-3.1895088	09:30 AM  GMT  / 10:30 AM LOCAL
1	England Women vs Pakistan Women, 1st T20I	County Ground, Bristol	42.0313267	-71.2588834	01:30 PM  GMT  / 02:30 PM LOCAL
2	Scotland vs Afghanistan, 1st ODI	Grange Cricket Club, Edinburgh	55.93133959999999	-3.189465	09:45 AM  GMT  / 10:45 AM LOCAL
3	England vs Sri Lanka, Only T20I	The Rose Bowl, Southampton	50.90970040000001	-1.4043509	05:30 PM  GMT  / 06:30 PM LOCAL
4	England Women vs Pakistan Women, 2nd T20I	The Rose Bowl, Southampton	50.90970040000001	-1.4043509	01:00 PM  GMT  / 02:00 PM LOCAL
5	Scotland vs Afghanistan, 2nd ODI	Grange Cricket Club, Edinburgh	55.93133959999999	-3.189465	09:45 AM  GMT  / 10:45 AM LOCAL
6	England Women vs Pakistan Women, 3rd T20I	County Ground, Chelmsford	51.7355868	0.4685497	05:00 PM  GMT  / 06:00 PM LOCAL
7	Ireland vs Afghanistan, 1st ODI	Civil Service Cricket Club, Belfast	54.59728500000001	-5.93012	09:45 AM  GMT  / 10:45 AM LOCAL
8	Ireland vs Afghanistan, 2nd ODI	Civil Service Cricket Club, Belfast	54.59728500000001	-5.93012	09:45 AM  GMT  / 10:45 AM LOCAL
9	England vs Pakistan, 1st Test	Lord's, London	51.5289171	-0.1748869	10:00 AM  GMT  / 11:00 AM LOCAL
10	Ireland vs Afghanistan, 3rd ODI	Civil Service Cricket Club, Belfast	54.59728500000001	-5.93012	09:45 AM  GMT  / 10:45 AM LOCAL
11	England vs Pakistan, 1st Test	Lord's, London	51.5289171	-0.1748869	10:00 AM  GMT  / 11:00 AM LOCAL
12	England vs Pakistan, 1st Test	Lord's, London	51.5289171	-0.1748869	10:00 AM  GMT  / 11:00 AM LOCAL
13	England vs Pakistan, 1st Test	Lord's, London	51.5289171	-0.1748869	10:00 AM  GMT  / 11:00 AM LOCAL
14	Ireland vs Afghanistan, 4th ODI	Civil Service Cricket Club, Belfast	54.59728500000001	-5.93012	09:45 AM  GMT  / 10:45 AM LOCAL
15	England vs Pakistan, 1st Test	Lord's, London	51.5289171	-0.1748869	10:00 AM  GMT  / 11:00 AM LOCAL
16	Ireland vs Afghanistan, 5th ODI	Civil Service Cricket Club, Belfast	54.59728500000001	-5.93012	09:45 AM  GMT  / 10:45 AM LOCAL
17	England vs Pakistan, 2nd Test	Old Trafford, Manchester	53.46165999999999	-2.271707	10:00 AM  GMT  / 11:00 AM LOCAL
18	England vs Pakistan, 2nd Test	Old Trafford, Manchester	53.46165999999999	-2.271707	10:00 AM  GMT  / 11:00 AM LOCAL
19	England vs Pakistan, 2nd Test	Old Trafford, Manchester	53.46165999999999	-2.271707	10:00 AM  GMT  / 11:00 AM LOCAL
20	Ireland Women vs South Africa Women, 1st ODI	TBC, TBC	36.0845812	-111.3797378	12:00 AM  GMT  / 05:30 AM LOCAL
21	England vs Pakistan, 2nd Test	Old Trafford, Manchester	53.46165999999999	-2.271707	10:00 AM  GMT  / 11:00 AM LOCAL
22	England vs Pakistan, 2nd Test	Old Trafford, Manchester	53.46165999999999	-2.271707	10:00 AM  GMT  / 11:00 AM LOCAL
23	Ireland Women vs South Africa Women, 2nd ODI	TBC, TBC	36.0845812	-111.3797378	12:00 AM  GMT  / 05:30 AM LOCAL
24	Sri Lanka vs Australia, 1st Test	Pallekele International Cricket Stadium, Pallekele	7.2801042	80.7020359	04:30 AM  GMT  / 10:00 AM LOCAL
25	Sri Lanka vs Australia, 1st Test	Pallekele International Cricket Stadium, Pallekele	7.2801042	80.7020359	04:30 AM  GMT  / 10:00 AM LOCAL
26	Sri Lanka vs Australia, 1st Test	Pallekele International Cricket Stadium, Pallekele	7.2801042	80.7020359	04:30 AM  GMT  / 10:00 AM LOCAL
27	Sri Lanka vs Australia, 1st Test	Pallekele International Cricket Stadium, Pallekele	7.2801042	80.7020359	04:30 AM  GMT  / 10:00 AM LOCAL
28	Ireland Women vs South Africa Women, 3rd ODI	TBC, TBC	36.0845812	-111.3797378	12:00 AM  GMT  / 05:30 AM LOCAL
29	Sri Lanka vs Australia, 1st Test	Pallekele International Cricket Stadium, Pallekele	7.2801042	80.7020359	04:30 AM  GMT  / 10:00 AM LOCAL
30	Ireland Women vs South Africa Women, 4th ODI	TBC, TBC	36.0845812	-111.3797378	12:00 AM  GMT  / 05:30 AM LOCAL
31	England vs Pakistan, 3rd Test	Edgbaston, Birmingham	52.4608009	-1.914995	10:00 AM  GMT  / 11:00 AM LOCAL
32	England vs Pakistan, 3rd Test	Edgbaston, Birmingham	52.4608009	-1.914995	10:00 AM  GMT  / 11:00 AM LOCAL
33	Ireland Women vs South Africa Women, 1st T20I	TBC, TBC	36.0845812	-111.3797378	12:00 AM  GMT  / 05:30 AM LOCAL
34	Sri Lanka vs Australia, 2nd Test	Galle International Stadium, Galle	6.0535185	80.2209773	04:30 AM  GMT  / 10:00 AM LOCAL
35	England vs Pakistan, 3rd Test	Edgbaston, Birmingham	52.4608009	-1.914995	10:00 AM  GMT  / 11:00 AM LOCAL
36	Sri Lanka vs Australia, 2nd Test	Galle International Stadium, Galle	6.0535185	80.2209773	04:30 AM  GMT  / 10:00 AM LOCAL
37	Ireland Women vs South Africa Women, 2nd T20I	TBC, TBC	36.0845812	-111.3797378	12:00 AM  GMT  / 05:30 AM LOCAL
38	England vs Pakistan, 3rd Test	Edgbaston, Birmingham	52.4608009	-1.914995	10:00 AM  GMT  / 11:00 AM LOCAL
39	Sri Lanka vs Australia, 2nd Test	Galle International Stadium, Galle	6.0535185	80.2209773	04:30 AM  GMT  / 10:00 AM LOCAL
40	England vs Pakistan, 3rd Test	Edgbaston, Birmingham	52.4608009	-1.914995	10:00 AM  GMT  / 11:00 AM LOCAL
41	Sri Lanka vs Australia, 2nd Test	Galle International Stadium, Galle	6.0535185	80.2209773	04:30 AM  GMT  / 10:00 AM LOCAL
42	Ireland Women vs South Africa Women, 3rd T20I	TBC, TBC	36.0845812	-111.3797378	12:00 AM  GMT  / 05:30 AM LOCAL
43	Sri Lanka vs Australia, 2nd Test	Galle International Stadium, Galle	6.0535185	80.2209773	04:30 AM  GMT  / 10:00 AM LOCAL
44	England vs Pakistan, 4th Test	Kennington Oval, London	51.4843686	-0.1139201	10:00 AM  GMT  / 11:00 AM LOCAL
45	England vs Pakistan, 4th Test	Kennington Oval, London	51.4843686	-0.1139201	10:00 AM  GMT  / 11:00 AM LOCAL
46	England vs Pakistan, 4th Test	Kennington Oval, London	51.4843686	-0.1139201	10:00 AM  GMT  / 11:00 AM LOCAL
47	Sri Lanka vs Australia, 3rd Test	Sinhalese Sports Club, Colombo	6.9270786	79.861243	04:30 AM  GMT  / 10:00 AM LOCAL
48	England vs Pakistan, 4th Test	Kennington Oval, London	51.4843686	-0.1139201	10:00 AM  GMT  / 11:00 AM LOCAL
49	Sri Lanka vs Australia, 3rd Test	Sinhalese Sports Club, Colombo	6.9270786	79.861243	04:30 AM  GMT  / 10:00 AM LOCAL
50	England vs Pakistan, 4th Test	Kennington Oval, London	51.4843686	-0.1139201	10:00 AM  GMT  / 11:00 AM LOCAL
51	Sri Lanka vs Australia, 3rd Test	Sinhalese Sports Club, Colombo	6.9270786	79.861243	04:30 AM  GMT  / 10:00 AM LOCAL
52	Sri Lanka vs Australia, 3rd Test	Sinhalese Sports Club, Colombo	6.9270786	79.861243	04:30 AM  GMT  / 10:00 AM LOCAL
53	Sri Lanka vs Australia, 3rd Test	Sinhalese Sports Club, Colombo	6.9270786	79.861243	04:30 AM  GMT  / 10:00 AM LOCAL
54	Ireland vs Pakistan, 1st ODI	TBC, TBC	36.0845812	-111.3797378	09:45 AM  GMT  / 03:15 PM LOCAL
55	South Africa vs New Zealand, 1st Test	Kingsmead, Durban	-29.8480046	31.0284445	12:00 AM  GMT  / 02:00 AM LOCAL
56	South Africa vs New Zealand, 1st Test	Kingsmead, Durban	-29.8480046	31.0284445	12:00 AM  GMT  / 02:00 AM LOCAL
57	Ireland vs Pakistan, 2nd ODI	TBC, TBC	36.0845812	-111.3797378	09:45 AM  GMT  / 03:15 PM LOCAL
58	South Africa vs New Zealand, 1st Test	Kingsmead, Durban	-29.8480046	31.0284445	12:00 AM  GMT  / 02:00 AM LOCAL
59	Sri Lanka vs Australia, 1st ODI	R.Premadasa Stadium, Colombo	6.9270786	79.861243	12:00 AM  GMT  / 05:30 AM LOCAL
60	South Africa vs New Zealand, 1st Test	Kingsmead, Durban	-29.8480046	31.0284445	12:00 AM  GMT  / 02:00 AM LOCAL
61	South Africa vs New Zealand, 1st Test	Kingsmead, Durban	-29.8480046	31.0284445	12:00 AM  GMT  / 02:00 AM LOCAL
62	England vs Pakistan, 1st ODI	The Rose Bowl, Southampton	50.90970040000001	-1.4043509	01:00 PM  GMT  / 02:00 PM LOCAL
63	Sri Lanka vs Australia, 2nd ODI	R.Premadasa Stadium, Colombo	6.9270786	79.861243	12:00 AM  GMT  / 05:30 AM LOCAL
64	England vs Pakistan, 2nd ODI	Lord's, London	51.5289171	-0.1748869	09:30 AM  GMT  / 10:30 AM LOCAL
65	South Africa vs New Zealand, 2nd Test	SuperSport Park, Centurion	-25.864029	28.0888578	12:00 AM  GMT  / 02:00 AM LOCAL
66	South Africa vs New Zealand, 2nd Test	SuperSport Park, Centurion	-25.864029	28.0888578	12:00 AM  GMT  / 02:00 AM LOCAL
67	Sri Lanka vs Australia, 3rd ODI	Rangiri Dambulla International Stadium, Dambulla	7.8985219	80.6770787	12:00 AM  GMT  / 05:30 AM LOCAL
68	South Africa vs New Zealand, 2nd Test	SuperSport Park, Centurion	-25.864029	28.0888578	12:00 AM  GMT  / 02:00 AM LOCAL
69	South Africa vs New Zealand, 2nd Test	SuperSport Park, Centurion	-25.864029	28.0888578	12:00 AM  GMT  / 02:00 AM LOCAL
70	England vs Pakistan, 3rd ODI	Trent Bridge, Nottingham	52.937772	-1.1313849	01:00 PM  GMT  / 02:00 PM LOCAL
71	South Africa vs New Zealand, 2nd Test	SuperSport Park, Centurion	-25.864029	28.0888578	12:00 AM  GMT  / 02:00 AM LOCAL
72	Sri Lanka vs Australia, 4th ODI	Rangiri Dambulla International Stadium, Dambulla	7.8985219	80.6770787	12:00 AM  GMT  / 05:30 AM LOCAL
73	England vs Pakistan, 4th ODI	Headingley, Leeds	53.8215574	-1.5757947	01:00 PM  GMT  / 02:00 PM LOCAL
74	England vs Pakistan, 5th ODI	Sophia Gardens, Cardiff	51.484295	-3.1895088	09:30 AM  GMT  / 10:30 AM LOCAL
75	Sri Lanka vs Australia, 5th ODI	Pallekele International Cricket Stadium, Pallekele	7.2801042	80.7020359	12:00 AM  GMT  / 05:30 AM LOCAL
76	Ireland vs Hong Kong, 1st T20I	Bready Cricket Club, Bready, Northern Ireland	54.9355531	-7.377361899999999	02:30 AM  GMT  / 03:30 AM LOCAL
77	Sri Lanka vs Australia, 1st T20I	Pallekele International Cricket Stadium, Pallekele	7.2801042	80.7020359	12:00 AM  GMT  / 05:30 AM LOCAL
78	Ireland vs Hong Kong, 2nd T20I	Bready Cricket Club, Bready, Northern Ireland	54.9355531	-7.377361899999999	02:30 AM  GMT  / 03:30 AM LOCAL
79	England vs Pakistan, Only T20I	Old Trafford, Manchester	53.46165999999999	-2.271707	05:30 PM  GMT  / 06:30 PM LOCAL
80	Scotland vs Hong Kong, 1st ODI	Grange Cricket Club, Edinburgh	55.93133959999999	-3.189465	09:45 AM  GMT  / 10:45 AM LOCAL
81	Sri Lanka vs Australia, 2nd T20I	R.Premadasa Stadium, Colombo	6.9270786	79.861243	12:00 AM  GMT  / 05:30 AM LOCAL
82	South Africa Women vs Bangladesh Women, 1st ODI	Senwes Park, Potchefstroom	-26.7145297	27.0970475	12:00 AM  GMT  / 02:00 AM LOCAL
83	Scotland vs Hong Kong, 2nd ODI	Grange Cricket Club, Edinburgh	55.93133959999999	-3.189465	09:45 AM  GMT  / 10:45 AM LOCAL
84	South Africa Women vs Bangladesh Women, 2nd ODI	Senwes Park, Potchefstroom	-26.7145297	27.0970475	12:00 AM  GMT  / 02:00 AM LOCAL
85	South Africa Women vs Bangladesh Women, 3rd ODI	Diamond Oval, Kimberley	49.679984	-115.983672	12:00 AM  GMT  / 02:00 AM LOCAL
86	South Africa Women vs Bangladesh Women, 4th ODI	Diamond Oval, Kimberley	49.679984	-115.983672	12:00 AM  GMT  / 02:00 AM LOCAL
87	South Africa Women vs Bangladesh Women, 5th ODI	Mangaung Oval, Bloemfontein	-29.085214	26.1595761	12:00 AM  GMT  / 02:00 AM LOCAL
88	South Africa Women vs Bangladesh Women, 1st T20I	Mangaung Oval, Bloemfontein	-29.085214	26.1595761	12:00 AM  GMT  / 02:00 AM LOCAL
89	South Africa Women vs Bangladesh Women, 2nd T20I	Mangaung Oval, Bloemfontein	-29.085214	26.1595761	12:00 AM  GMT  / 02:00 AM LOCAL
90	South Africa vs Ireland, 1st ODI	Willowmoore Park, Benoni	-26.1510854	28.3695699	12:00 AM  GMT  / 02:00 AM LOCAL
91	South Africa Women vs Bangladesh Women, 3rd T20I	Mangaung Oval, Bloemfontein	-29.085214	26.1595761	12:00 AM  GMT  / 02:00 AM LOCAL
92	Ireland vs Australia, 2nd ODI	Willowmoore Park, Benoni	-26.1510854	28.3695699	12:00 AM  GMT  / 02:00 AM LOCAL
93	South Africa vs Australia, 1st ODI	SuperSport Park, Centurion	-25.864029	28.0888578	12:00 AM  GMT  / 02:00 AM LOCAL
94	South Africa vs Australia, 2nd ODI	The Wanderers Stadium, Johannesburg	-26.1906174	28.0257739	12:00 AM  GMT  / 02:00 AM LOCAL
95	South Africa vs Australia, 3rd ODI	Kingsmead, Durban	-29.8480046	31.0284445	12:00 AM  GMT  / 02:00 AM LOCAL
96	West Indies Women vs England Women, 1st ODI	Trelawny Stadium, Trelawny, Jamaica	18.3526143	-77.6077865	12:00 AM  GMT  / 07:00 PM LOCAL
97	South Africa Women vs New Zealand Women, 1st ODI	Diamond Oval, Kimberley	49.679984	-115.983672	12:00 AM  GMT  / 02:00 AM LOCAL
98	South Africa vs Australia, 4th ODI	St George's Park, Port Elizabeth	-33.8252617	25.6544677	12:00 AM  GMT  / 02:00 AM LOCAL
99	West Indies Women vs England Women, 2nd ODI	Trelawny Stadium, Trelawny, Jamaica	18.3526143	-77.6077865	12:00 AM  GMT  / 07:00 PM LOCAL
100	South Africa Women vs New Zealand Women, 2nd ODI	Diamond Oval, Kimberley	49.679984	-115.983672	12:00 AM  GMT  / 02:00 AM LOCAL
101	South Africa vs Australia, 5th ODI	Newlands, Cape Town	-33.9789129	18.4483763	12:00 AM  GMT  / 02:00 AM LOCAL
102	South Africa Women vs New Zealand Women, 3rd ODI	Diamond Oval, Kimberley	49.679984	-115.983672	12:00 AM  GMT  / 02:00 AM LOCAL
103	West Indies Women vs England Women, 3rd ODI	Sabina Park, Kingston, Jamaica	17.9779338	-76.78252169999999	12:00 AM  GMT  / 07:00 PM LOCAL
104	West Indies Women vs England Women, 4th ODI	Sabina Park, Kingston, Jamaica	17.9779338	-76.78252169999999	12:00 AM  GMT  / 07:00 PM LOCAL
105	South Africa Women vs New Zealand Women, 4th ODI	Boland Park, Paarl	-33.7143719	18.9810746	12:00 AM  GMT  / 02:00 AM LOCAL
106	West Indies Women vs England Women, 5th ODI	Sabina Park, Kingston, Jamaica	17.9779338	-76.78252169999999	12:00 AM  GMT  / 07:00 PM LOCAL
107	South Africa Women vs New Zealand Women, 5th ODI	TBC, TBC	36.0845812	-111.3797378	12:00 AM  GMT  / 05:30 AM LOCAL
108	South Africa Women vs New Zealand Women, 6th ODI	Boland Park, Paarl	-33.7143719	18.9810746	12:00 AM  GMT  / 02:00 AM LOCAL
109	South Africa Women vs New Zealand Women, 7th ODI	Boland Park, Paarl	-33.7143719	18.9810746	12:00 AM  GMT  / 02:00 AM LOCAL
110	Australia vs South Africa, 1st Test	W.A.C.A. Ground, Perth	-31.94647449999999	115.7905402	02:30 AM  GMT  / 10:30 AM LOCAL
111	Australia vs South Africa, 1st Test	W.A.C.A. Ground, Perth	-31.94647449999999	115.7905402	02:30 AM  GMT  / 10:30 AM LOCAL
112	Australia vs South Africa, 1st Test	W.A.C.A. Ground, Perth	-31.94647449999999	115.7905402	02:30 AM  GMT  / 10:30 AM LOCAL
113	Australia vs South Africa, 1st Test	W.A.C.A. Ground, Perth	-31.94647449999999	115.7905402	02:30 AM  GMT  / 10:30 AM LOCAL
114	Australia vs South Africa, 1st Test	W.A.C.A. Ground, Perth	-31.94647449999999	115.7905402	02:30 AM  GMT  / 10:30 AM LOCAL
115	Australia vs South Africa, 2nd Test	Bellerive Oval, Hobart	-42.87630559999999	147.3733529	11:30 PM  GMT  (Nov 11)  / 10:30 AM LOCAL
116	Australia vs South Africa, 2nd Test	Bellerive Oval, Hobart	-42.87630559999999	147.3733529	11:30 PM  GMT  (Nov 12)  / 10:30 AM LOCAL
117	Australia vs South Africa, 2nd Test	Bellerive Oval, Hobart	-42.87630559999999	147.3733529	11:30 PM  GMT  (Nov 13)  / 10:30 AM LOCAL
118	Australia vs South Africa, 2nd Test	Bellerive Oval, Hobart	-42.87630559999999	147.3733529	11:30 PM  GMT  (Nov 14)  / 10:30 AM LOCAL
119	Australia vs South Africa, 2nd Test	Bellerive Oval, Hobart	-42.87630559999999	147.3733529	11:30 PM  GMT  (Nov 15)  / 10:30 AM LOCAL
120	New Zealand vs Pakistan, 1st Test	Hagley Oval, Christchurch	-43.53728330000001	172.6223843	09:30 PM  GMT  (Nov 16)  / 09:30 AM LOCAL
121	New Zealand vs Pakistan, 1st Test	Hagley Oval, Christchurch	-43.53728330000001	172.6223843	09:30 PM  GMT  (Nov 17)  / 09:30 AM LOCAL
122	New Zealand vs Pakistan, 1st Test	Hagley Oval, Christchurch	-43.53728330000001	172.6223843	09:30 PM  GMT  (Nov 18)  / 09:30 AM LOCAL
123	New Zealand vs Pakistan, 1st Test	Hagley Oval, Christchurch	-43.53728330000001	172.6223843	09:30 PM  GMT  (Nov 19)  / 09:30 AM LOCAL
124	New Zealand vs Pakistan, 1st Test	Hagley Oval, Christchurch	-43.53728330000001	172.6223843	09:30 PM  GMT  (Nov 20)  / 09:30 AM LOCAL
125	Australia vs South Africa, 3rd Test	Adelaide Oval, Adelaide	-34.9543332	138.5593418	03:30 AM  GMT  / 02:00 PM LOCAL
126	Australia vs South Africa, 3rd Test	Adelaide Oval, Adelaide	-34.9543332	138.5593418	03:30 AM  GMT  / 02:00 PM LOCAL
127	New Zealand vs Pakistan, 2nd Test	Seddon Park, Hamilton	-37.7841664	175.2705288	09:30 PM  GMT  (Nov 24)  / 10:30 AM LOCAL
128	Australia vs South Africa, 3rd Test	Adelaide Oval, Adelaide	-34.9543332	138.5593418	03:30 AM  GMT  / 02:00 PM LOCAL
129	New Zealand vs Pakistan, 2nd Test	Seddon Park, Hamilton	-37.7841664	175.2705288	09:30 PM  GMT  (Nov 25)  / 10:30 AM LOCAL
130	Australia vs South Africa, 3rd Test	Adelaide Oval, Adelaide	-34.9543332	138.5593418	03:30 AM  GMT  / 02:00 PM LOCAL
131	New Zealand vs Pakistan, 2nd Test	Seddon Park, Hamilton	-37.7841664	175.2705288	09:30 PM  GMT  (Nov 26)  / 10:30 AM LOCAL
132	Australia vs South Africa, 3rd Test	Adelaide Oval, Adelaide	-34.9543332	138.5593418	03:30 AM  GMT  / 02:00 PM LOCAL
133	New Zealand vs Pakistan, 2nd Test	Seddon Park, Hamilton	-37.7841664	175.2705288	09:30 PM  GMT  (Nov 27)  / 10:30 AM LOCAL
134	New Zealand vs Pakistan, 2nd Test	Seddon Park, Hamilton	-37.7841664	175.2705288	09:30 PM  GMT  (Nov 28)  / 10:30 AM LOCAL
135	Australia vs New Zealand, 1st ODI	Sydney Cricket Ground, Sydney	-33.8895956	151.2237779	04:20 AM  GMT  / 03:20 PM LOCAL
136	Australia vs New Zealand, 2nd ODI	Manuka Oval, Canberra	-35.3190358	149.1357814	04:20 AM  GMT  / 02:20 PM LOCAL
137	Australia vs New Zealand, 3rd ODI	Melbourne Cricket Ground, Melbourne	-37.8313202	144.9437353	04:20 AM  GMT  / 03:20 PM LOCAL
138	Australia vs Pakistan, 1st Test	The Gabba, Brisbane	-27.4860154	153.0369591	12:00 AM  GMT  / 10:00 AM LOCAL
139	Australia vs Pakistan, 1st Test	The Gabba, Brisbane	-27.4860154	153.0369591	12:00 AM  GMT  / 10:00 AM LOCAL
140	Australia vs Pakistan, 1st Test	The Gabba, Brisbane	-27.4860154	153.0369591	12:00 AM  GMT  / 10:00 AM LOCAL
141	Australia vs Pakistan, 1st Test	The Gabba, Brisbane	-27.4860154	153.0369591	12:00 AM  GMT  / 10:00 AM LOCAL
142	Australia vs Pakistan, 1st Test	The Gabba, Brisbane	-27.4860154	153.0369591	12:00 AM  GMT  / 10:00 AM LOCAL
143	South Africa vs Sri Lanka, 1st Test	St George's Park, Port Elizabeth	-33.8252617	25.6544677	08:00 AM  GMT  / 10:00 AM LOCAL
144	Australia vs Pakistan, 2nd Test	Melbourne Cricket Ground, Melbourne	-37.8313202	144.9437353	12:30 AM  GMT  / 11:30 AM LOCAL
145	New Zealand vs Bangladesh, 1st ODI	Hagley Oval, Christchurch	-43.53728330000001	172.6223843	10:00 PM  GMT  (Dec 25)  / 10:00 AM LOCAL
146	South Africa vs Sri Lanka, 1st Test	St George's Park, Port Elizabeth	-33.8252617	25.6544677	08:00 AM  GMT  / 10:00 AM LOCAL
147	Australia vs Pakistan, 2nd Test	Melbourne Cricket Ground, Melbourne	-37.8313202	144.9437353	12:30 AM  GMT  / 11:30 AM LOCAL
148	South Africa vs Sri Lanka, 1st Test	St George's Park, Port Elizabeth	-33.8252617	25.6544677	08:00 AM  GMT  / 10:00 AM LOCAL
149	Australia vs Pakistan, 2nd Test	Melbourne Cricket Ground, Melbourne	-37.8313202	144.9437353	12:30 AM  GMT  / 11:30 AM LOCAL
150	South Africa vs Sri Lanka, 1st Test	St George's Park, Port Elizabeth	-33.8252617	25.6544677	08:00 AM  GMT  / 10:00 AM LOCAL
151	Australia vs Pakistan, 2nd Test	Melbourne Cricket Ground, Melbourne	-37.8313202	144.9437353	12:30 AM  GMT  / 11:30 AM LOCAL
152	New Zealand vs Bangladesh, 2nd ODI	Saxton Oval, Nelson	-41.3310446	173.2127859	10:00 PM  GMT  (Dec 28)  / 10:00 AM LOCAL
153	South Africa vs Sri Lanka, 1st Test	St George's Park, Port Elizabeth	-33.8252617	25.6544677	08:00 AM  GMT  / 10:00 AM LOCAL
154	Australia vs Pakistan, 2nd Test	Melbourne Cricket Ground, Melbourne	-37.8313202	144.9437353	12:30 AM  GMT  / 11:30 AM LOCAL
155	New Zealand vs Bangladesh, 3rd ODI	Saxton Oval, Nelson	-41.3310446	173.2127859	10:00 PM  GMT  (Dec 30)  / 10:00 AM LOCAL
156	South Africa vs Sri Lanka, 2nd Test	Newlands, Cape Town	-33.9789129	18.4483763	08:00 AM  GMT  / 10:00 AM LOCAL
157	South Africa vs Sri Lanka, 2nd Test	Newlands, Cape Town	-33.9789129	18.4483763	08:00 AM  GMT  / 10:00 AM LOCAL
158	Australia vs Pakistan, 3rd Test	Sydney Cricket Ground, Sydney	-33.8895956	151.2237779	12:30 AM  GMT  / 11:30 AM LOCAL
159	New Zealand vs Bangladesh, 1st T20I	McLean Park, Napier	-39.50357169999999	176.9079247	02:00 AM  GMT  / 02:00 PM LOCAL
160	South Africa vs Sri Lanka, 2nd Test	Newlands, Cape Town	-33.9789129	18.4483763	08:00 AM  GMT  / 10:00 AM LOCAL
161	Australia vs Pakistan, 3rd Test	Sydney Cricket Ground, Sydney	-33.8895956	151.2237779	12:30 AM  GMT  / 11:30 AM LOCAL
162	South Africa vs Sri Lanka, 2nd Test	Newlands, Cape Town	-33.9789129	18.4483763	08:00 AM  GMT  / 10:00 AM LOCAL
163	Australia vs Pakistan, 3rd Test	Sydney Cricket Ground, Sydney	-33.8895956	151.2237779	12:30 AM  GMT  / 11:30 AM LOCAL
164	South Africa vs Sri Lanka, 2nd Test	Newlands, Cape Town	-33.9789129	18.4483763	08:00 AM  GMT  / 10:00 AM LOCAL
165	Australia vs Pakistan, 3rd Test	Sydney Cricket Ground, Sydney	-33.8895956	151.2237779	12:30 AM  GMT  / 11:30 AM LOCAL
166	New Zealand vs Bangladesh, 2nd T20I	Bay Oval, Mount Maunganui	-36.8182065	174.7292544	02:00 AM  GMT  / 03:00 PM LOCAL
167	Australia vs Pakistan, 3rd Test	Sydney Cricket Ground, Sydney	-33.8895956	151.2237779	12:30 AM  GMT  / 11:30 AM LOCAL
168	New Zealand vs Bangladesh, 3rd T20I	Bay Oval, Mount Maunganui	-36.8182065	174.7292544	02:00 AM  GMT  / 03:00 PM LOCAL
169	South Africa vs Sri Lanka, 3rd Test	New Wanderers Stadium, Johannesburg	-26.2041028	28.0473051	08:00 AM  GMT  / 10:00 AM LOCAL
170	New Zealand vs Bangladesh, 1st Test	Basin Reserve, Wellington	-41.3003208	174.7801835	09:30 PM  GMT  (Jan 11)  / 10:30 AM LOCAL
171	South Africa vs Sri Lanka, 3rd Test	New Wanderers Stadium, Johannesburg	-26.2041028	28.0473051	08:00 AM  GMT  / 10:00 AM LOCAL
172	New Zealand vs Bangladesh, 1st Test	Basin Reserve, Wellington	-41.3003208	174.7801835	09:30 PM  GMT  (Jan 12)  / 10:30 AM LOCAL
173	Australia vs Pakistan, 1st ODI	The Gabba, Brisbane	-27.4860154	153.0369591	04:20 AM  GMT  / 02:20 PM LOCAL
174	South Africa vs Sri Lanka, 3rd Test	New Wanderers Stadium, Johannesburg	-26.2041028	28.0473051	08:00 AM  GMT  / 10:00 AM LOCAL
175	New Zealand vs Bangladesh, 1st Test	Basin Reserve, Wellington	-41.3003208	174.7801835	09:30 PM  GMT  (Jan 13)  / 10:30 AM LOCAL
176	South Africa vs Sri Lanka, 3rd Test	New Wanderers Stadium, Johannesburg	-26.2041028	28.0473051	08:00 AM  GMT  / 10:00 AM LOCAL
177	New Zealand vs Bangladesh, 1st Test	Basin Reserve, Wellington	-41.3003208	174.7801835	09:30 PM  GMT  (Jan 14)  / 10:30 AM LOCAL
178	Australia vs Pakistan, 2nd ODI	Melbourne Cricket Ground, Melbourne	-37.8313202	144.9437353	04:20 AM  GMT  / 03:20 PM LOCAL
179	South Africa vs Sri Lanka, 3rd Test	New Wanderers Stadium, Johannesburg	-26.2041028	28.0473051	08:00 AM  GMT  / 10:00 AM LOCAL
180	New Zealand vs Bangladesh, 1st Test	Basin Reserve, Wellington	-41.3003208	174.7801835	09:30 PM  GMT  (Jan 15)  / 10:30 AM LOCAL
181	Australia vs Pakistan, 3rd ODI	W.A.C.A. Ground, Perth	-31.94647449999999	115.7905402	03:20 AM  GMT  / 11:20 AM LOCAL
182	South Africa vs Sri Lanka, 1st T20I	SuperSport Park, Centurion	-25.864029	28.0888578	04:00 PM  GMT  / 06:00 PM LOCAL
183	New Zealand vs Bangladesh, 2nd Test	Hagley Oval, Christchurch	-43.53728330000001	172.6223843	09:30 PM  GMT  (Jan 19)  / 09:30 AM LOCAL
184	New Zealand vs Bangladesh, 2nd Test	Hagley Oval, Christchurch	-43.53728330000001	172.6223843	09:30 PM  GMT  (Jan 20)  / 09:30 AM LOCAL
185	New Zealand vs Bangladesh, 2nd Test	Hagley Oval, Christchurch	-43.53728330000001	172.6223843	09:30 PM  GMT  (Jan 21)  / 09:30 AM LOCAL
186	South Africa vs Sri Lanka, 2nd T20I	New Wanderers Stadium, Johannesburg	-26.2041028	28.0473051	12:30 PM  GMT  / 02:30 PM LOCAL
187	Australia vs Pakistan, 4th ODI	Sydney Cricket Ground, Sydney	-33.8895956	151.2237779	04:20 AM  GMT  / 03:20 PM LOCAL
188	New Zealand vs Bangladesh, 2nd Test	Hagley Oval, Christchurch	-43.53728330000001	172.6223843	09:30 PM  GMT  (Jan 22)  / 09:30 AM LOCAL
189	New Zealand vs Bangladesh, 2nd Test	Hagley Oval, Christchurch	-43.53728330000001	172.6223843	09:30 PM  GMT  (Jan 23)  / 09:30 AM LOCAL
190	South Africa vs Sri Lanka, 3rd T20I	Newlands, Cape Town	-33.9789129	18.4483763	04:00 PM  GMT  / 06:00 PM LOCAL
191	Australia vs Pakistan, 5th ODI	Adelaide Oval, Adelaide	-34.9543332	138.5593418	04:50 AM  GMT  / 03:20 PM LOCAL
192	South Africa vs Sri Lanka, 1st ODI	St George's Park, Port Elizabeth	-33.8252617	25.6544677	08:00 AM  GMT  / 10:00 AM LOCAL
193	New Zealand vs Australia, 1st ODI	Eden Park, Auckland	-36.8480303	174.7717363	01:00 AM  GMT  / 01:00 PM LOCAL
194	Surrey vs Warwickshire, County Div 1	Woodbridge Road, Guildford	51.2446764	-0.5768576	10:00 AM  GMT  / 11:00 AM LOCAL
195	Sussex vs Glamorgan, County Div 2	County Ground, Hove	50.8279319	-0.168749	10:00 AM  GMT  / 11:00 AM LOCAL
196	Surrey vs Warwickshire, County Div 1	Woodbridge Road, Guildford	51.2446764	-0.5768576	10:00 AM  GMT  / 11:00 AM LOCAL
197	Durham vs Hampshire, County Div 1	Riverside Ground, Chester-le-Street	54.852089	-1.563289	10:00 AM  GMT  / 11:00 AM LOCAL
198	Nottinghamshire vs Lancashire, County Div 1	Trent Bridge, Nottingham	52.937772	-1.1313849	10:00 AM  GMT  / 11:00 AM LOCAL
199	Yorkshire vs Middlesex, County Div 1	North Marine Road Ground, Scarborough	54.288187	-0.4028659	10:00 AM  GMT  / 11:00 AM LOCAL
200	Sussex vs Glamorgan, County Div 2	County Ground, Hove	50.8279319	-0.168749	10:00 AM  GMT  / 11:00 AM LOCAL
201	Essex vs Kent, County Div 2	County Ground, Chelmsford	51.7355868	0.4685497	10:00 AM  GMT  / 11:00 AM LOCAL
202	Worcestershire vs Leicestershire, County Div 2	New Road, Worcester	52.1895713	-2.2282996	10:00 AM  GMT  / 11:00 AM LOCAL
203	Somerset vs Pakistan, 1st 3-day practice match	County Ground, Taunton	51.015344	-3.106849	10:00 AM  GMT  / 11:00 AM LOCAL
204	Surrey vs Warwickshire, County Div 1	Woodbridge Road, Guildford	51.2446764	-0.5768576	10:00 AM  GMT  / 11:00 AM LOCAL
205	Durham vs Hampshire, County Div 1	Riverside Ground, Chester-le-Street	54.852089	-1.563289	10:00 AM  GMT  / 11:00 AM LOCAL
206	Nottinghamshire vs Lancashire, County Div 1	Trent Bridge, Nottingham	52.937772	-1.1313849	10:00 AM  GMT  / 11:00 AM LOCAL
207	Yorkshire vs Middlesex, County Div 1	North Marine Road Ground, Scarborough	54.288187	-0.4028659	10:00 AM  GMT  / 11:00 AM LOCAL
208	Sussex vs Glamorgan, County Div 2	County Ground, Hove	50.8279319	-0.168749	10:00 AM  GMT  / 11:00 AM LOCAL
209	Essex vs Kent, County Div 2	County Ground, Chelmsford	51.7355868	0.4685497	10:00 AM  GMT  / 11:00 AM LOCAL
210	Worcestershire vs Leicestershire, County Div 2	New Road, Worcester	52.1895713	-2.2282996	10:00 AM  GMT  / 11:00 AM LOCAL
211	Derbyshire vs Northamptonshire, County Div 2	Queen's Park, Chesterfield	53.2330136	-1.4339213	10:00 AM  GMT  / 11:00 AM LOCAL
212	Somerset vs Pakistan, 1st 3-day practice match	County Ground, Taunton	51.015344	-3.106849	10:00 AM  GMT  / 11:00 AM LOCAL
213	Surrey vs Warwickshire, County Div 1	Woodbridge Road, Guildford	51.2446764	-0.5768576	10:00 AM  GMT  / 11:00 AM LOCAL
214	Durham vs Hampshire, County Div 1	Riverside Ground, Chester-le-Street	54.852089	-1.563289	10:00 AM  GMT  / 11:00 AM LOCAL
215	Nottinghamshire vs Lancashire, County Div 1	Trent Bridge, Nottingham	52.937772	-1.1313849	10:00 AM  GMT  / 11:00 AM LOCAL
216	Yorkshire vs Middlesex, County Div 1	North Marine Road Ground, Scarborough	54.288187	-0.4028659	10:00 AM  GMT  / 11:00 AM LOCAL
217	Sussex vs Glamorgan, County Div 2	County Ground, Hove	50.8279319	-0.168749	10:00 AM  GMT  / 11:00 AM LOCAL
218	Essex vs Kent, County Div 2	County Ground, Chelmsford	51.7355868	0.4685497	10:00 AM  GMT  / 11:00 AM LOCAL
219	Worcestershire vs Leicestershire, County Div 2	New Road, Worcester	52.1895713	-2.2282996	10:00 AM  GMT  / 11:00 AM LOCAL
220	Derbyshire vs Northamptonshire, County Div 2	Queen's Park, Chesterfield	53.2330136	-1.4339213	10:00 AM  GMT  / 11:00 AM LOCAL
221	Somerset vs Pakistan, 1st 3-day practice match	County Ground, Taunton	51.015344	-3.106849	10:00 AM  GMT  / 11:00 AM LOCAL
222	Durham vs Hampshire, County Div 1	Riverside Ground, Chester-le-Street	54.852089	-1.563289	10:00 AM  GMT  / 11:00 AM LOCAL
223	Nottinghamshire vs Lancashire, County Div 1	Trent Bridge, Nottingham	52.937772	-1.1313849	10:00 AM  GMT  / 11:00 AM LOCAL
224	Yorkshire vs Middlesex, County Div 1	North Marine Road Ground, Scarborough	54.288187	-0.4028659	10:00 AM  GMT  / 11:00 AM LOCAL
225	Essex vs Kent, County Div 2	County Ground, Chelmsford	51.7355868	0.4685497	10:00 AM  GMT  / 11:00 AM LOCAL
226	Worcestershire vs Leicestershire, County Div 2	New Road, Worcester	52.1895713	-2.2282996	10:00 AM  GMT  / 11:00 AM LOCAL
227	Derbyshire vs Northamptonshire, County Div 2	Queen's Park, Chesterfield	53.2330136	-1.4339213	10:00 AM  GMT  / 11:00 AM LOCAL
228	Derbyshire vs Northamptonshire, County Div 2	Queen's Park, Chesterfield	53.2330136	-1.4339213	10:00 AM  GMT  / 11:00 AM LOCAL
229	Sussex vs Pakistan, 2nd 3-day practice match	County Ground, Hove	50.8279319	-0.168749	10:00 AM  GMT  / 11:00 AM LOCAL
230	Sussex vs Pakistan, 2nd 3-day practice match	County Ground, Hove	50.8279319	-0.168749	10:00 AM  GMT  / 11:00 AM LOCAL
231	Sussex vs Pakistan, 2nd 3-day practice match	County Ground, Hove	50.8279319	-0.168749	10:00 AM  GMT  / 11:00 AM LOCAL
232	Somerset vs Middlesex, County Div 1	County Ground, Taunton	51.015344	-3.106849	10:00 AM  GMT  / 11:00 AM LOCAL
233	Warwickshire vs Hampshire, County Div 1	Edgbaston, Birmingham	52.4608009	-1.914995	10:00 AM  GMT  / 11:00 AM LOCAL
234	Northamptonshire vs Worcestershire, County Div 2	County Ground, Northampton	52.249508	-0.8702200000000001	10:00 AM  GMT  / 11:00 AM LOCAL
235	Somerset vs Middlesex, County Div 1	County Ground, Taunton	51.015344	-3.106849	10:00 AM  GMT  / 11:00 AM LOCAL
236	Warwickshire vs Hampshire, County Div 1	Edgbaston, Birmingham	52.4608009	-1.914995	10:00 AM  GMT  / 11:00 AM LOCAL
237	Surrey vs Yorkshire, County Div 1	Kennington Oval, London	51.4843686	-0.1139201	10:00 AM  GMT  / 11:00 AM LOCAL
238	Northamptonshire vs Worcestershire, County Div 2	County Ground, Northampton	52.249508	-0.8702200000000001	10:00 AM  GMT  / 11:00 AM LOCAL
239	Somerset vs Middlesex, County Div 1	County Ground, Taunton	51.015344	-3.106849	10:00 AM  GMT  / 11:00 AM LOCAL
240	Warwickshire vs Hampshire, County Div 1	Edgbaston, Birmingham	52.4608009	-1.914995	10:00 AM  GMT  / 11:00 AM LOCAL
241	Surrey vs Yorkshire, County Div 1	Kennington Oval, London	51.4843686	-0.1139201	10:00 AM  GMT  / 11:00 AM LOCAL
242	Northamptonshire vs Worcestershire, County Div 2	County Ground, Northampton	52.249508	-0.8702200000000001	10:00 AM  GMT  / 11:00 AM LOCAL
243	Somerset vs Middlesex, County Div 1	County Ground, Taunton	51.015344	-3.106849	10:00 AM  GMT  / 11:00 AM LOCAL
244	Warwickshire vs Hampshire, County Div 1	Edgbaston, Birmingham	52.4608009	-1.914995	10:00 AM  GMT  / 11:00 AM LOCAL
245	Surrey vs Yorkshire, County Div 1	Kennington Oval, London	51.4843686	-0.1139201	10:00 AM  GMT  / 11:00 AM LOCAL
246	Northamptonshire vs Worcestershire, County Div 2	County Ground, Northampton	52.249508	-0.8702200000000001	10:00 AM  GMT  / 11:00 AM LOCAL
247	Gloucestershire vs Essex, County Div 2	College Ground, Cheltenham	51.8993855	-2.0782533	10:00 AM  GMT  / 11:00 AM LOCAL
248	Surrey vs Yorkshire, County Div 1	Kennington Oval, London	51.4843686	-0.1139201	10:00 AM  GMT  / 11:00 AM LOCAL
249	Gloucestershire vs Essex, County Div 2	College Ground, Cheltenham	51.8993855	-2.0782533	10:00 AM  GMT  / 11:00 AM LOCAL
250	Gloucestershire vs Essex, County Div 2	College Ground, Cheltenham	51.8993855	-2.0782533	10:00 AM  GMT  / 11:00 AM LOCAL
251	Gloucestershire vs Essex, County Div 2	College Ground, Cheltenham	51.8993855	-2.0782533	10:00 AM  GMT  / 11:00 AM LOCAL
252	Lancashire vs Durham, County Div 1	Trafalgar Road Ground, Southport	53.645708	-3.010113	10:00 AM  GMT  / 11:00 AM LOCAL
253	Lancashire vs Durham, County Div 1	Trafalgar Road Ground, Southport	53.645708	-3.010113	10:00 AM  GMT  / 11:00 AM LOCAL
254	Hampshire vs Surrey, County Div 1	The Rose Bowl, Southampton	50.90970040000001	-1.4043509	10:00 AM  GMT  / 11:00 AM LOCAL
255	Nottinghamshire vs Somerset, County Div 1	Trent Bridge, Nottingham	52.937772	-1.1313849	10:00 AM  GMT  / 11:00 AM LOCAL
256	Glamorgan vs Derbyshire, County Div 2	Colwyn Bay Cricket Club Ground, Wales	53.29318199999999	-3.72764	10:00 AM  GMT  / 11:00 AM LOCAL
257	Kent vs Sussex, County Div 2	Nevill Ground, Tunbridge Wells	51.132377	0.263695	10:00 AM  GMT  / 11:00 AM LOCAL
258	Lancashire vs Durham, County Div 1	Trafalgar Road Ground, Southport	53.645708	-3.010113	10:00 AM  GMT  / 11:00 AM LOCAL
259	Hampshire vs Surrey, County Div 1	The Rose Bowl, Southampton	50.90970040000001	-1.4043509	10:00 AM  GMT  / 11:00 AM LOCAL
260	Nottinghamshire vs Somerset, County Div 1	Trent Bridge, Nottingham	52.937772	-1.1313849	10:00 AM  GMT  / 11:00 AM LOCAL
261	Glamorgan vs Derbyshire, County Div 2	Colwyn Bay Cricket Club Ground, Wales	53.29318199999999	-3.72764	10:00 AM  GMT  / 11:00 AM LOCAL
262	Kent vs Sussex, County Div 2	Nevill Ground, Tunbridge Wells	51.132377	0.263695	10:00 AM  GMT  / 11:00 AM LOCAL
263	Pakistan A vs Sri Lanka A, 1st Match	College Ground, Cheltenham	51.8993855	-2.0782533	09:30 AM  GMT  / 10:30 AM LOCAL
264	Lancashire vs Durham, County Div 1	Trafalgar Road Ground, Southport	53.645708	-3.010113	10:00 AM  GMT  / 11:00 AM LOCAL
265	Hampshire vs Surrey, County Div 1	The Rose Bowl, Southampton	50.90970040000001	-1.4043509	10:00 AM  GMT  / 11:00 AM LOCAL
266	Nottinghamshire vs Somerset, County Div 1	Trent Bridge, Nottingham	52.937772	-1.1313849	10:00 AM  GMT  / 11:00 AM LOCAL
267	Glamorgan vs Derbyshire, County Div 2	Colwyn Bay Cricket Club Ground, Wales	53.29318199999999	-3.72764	10:00 AM  GMT  / 11:00 AM LOCAL
268	Kent vs Sussex, County Div 2	Nevill Ground, Tunbridge Wells	51.132377	0.263695	10:00 AM  GMT  / 11:00 AM LOCAL
269	England Lions vs Pakistan A, 2nd Match	College Ground, Cheltenham	51.8993855	-2.0782533	09:30 AM  GMT  / 10:30 AM LOCAL
270	Hampshire vs Surrey, County Div 1	The Rose Bowl, Southampton	50.90970040000001	-1.4043509	10:00 AM  GMT  / 11:00 AM LOCAL
271	Nottinghamshire vs Somerset, County Div 1	Trent Bridge, Nottingham	52.937772	-1.1313849	10:00 AM  GMT  / 11:00 AM LOCAL
272	Glamorgan vs Derbyshire, County Div 2	Colwyn Bay Cricket Club Ground, Wales	53.29318199999999	-3.72764	10:00 AM  GMT  / 11:00 AM LOCAL
273	Kent vs Sussex, County Div 2	Nevill Ground, Tunbridge Wells	51.132377	0.263695	10:00 AM  GMT  / 11:00 AM LOCAL
274	Gloucestershire vs Leicestershire, County Div 2	College Ground, Cheltenham	51.8993855	-2.0782533	10:00 AM  GMT  / 11:00 AM LOCAL
275	Gloucestershire vs Leicestershire, County Div 2	College Ground, Cheltenham	51.8993855	-2.0782533	10:00 AM  GMT  / 11:00 AM LOCAL
276	England Lions vs Sri Lanka A, 3rd Match	County Ground, Northampton	52.249508	-0.8702200000000001	01:00 PM  GMT  / 02:00 PM LOCAL
277	Gloucestershire vs Leicestershire, County Div 2	College Ground, Cheltenham	51.8993855	-2.0782533	10:00 AM  GMT  / 11:00 AM LOCAL
278	Pakistan A vs Sri Lanka A, 4th Match	County Ground, Northampton	52.249508	-0.8702200000000001	01:00 PM  GMT  / 02:00 PM LOCAL
279	Gloucestershire vs Leicestershire, County Div 2	College Ground, Cheltenham	51.8993855	-2.0782533	10:00 AM  GMT  / 11:00 AM LOCAL
280	Leicestershire vs Yorkshire, North Group	Grace Road, Leicester	52.5388793	-1.2764178	10:00 AM  GMT  / 11:00 AM LOCAL
281	Northamptonshire vs Durham, North Group	County Ground, Northampton	52.249508	-0.8702200000000001	10:00 AM  GMT  / 11:00 AM LOCAL
282	Nottinghamshire vs Derbyshire, North Group	Welbeck Colliery Cricket Club Ground, Market Warsop 	53.204121	-1.155944	10:00 AM  GMT  / 11:00 AM LOCAL
283	Warwickshire vs Worcestershire, North Group	Edgbaston, Birmingham	52.4608009	-1.914995	10:00 AM  GMT  / 11:00 AM LOCAL
284	Essex vs Surrey, South Group	County Ground, Chelmsford	51.7355868	0.4685497	10:00 AM  GMT  / 11:00 AM LOCAL
285	Gloucestershire vs Sussex, South Group	College Ground, Cheltenham	51.8993855	-2.0782533	10:00 AM  GMT  / 11:00 AM LOCAL
286	Middlesex vs Kent, South Group	Lord's, London	51.5289171	-0.1748869	10:00 AM  GMT  / 11:00 AM LOCAL
287	Somerset vs Glamorgan, South Group	County Ground, Taunton	51.015344	-3.106849	10:00 AM  GMT  / 11:00 AM LOCAL
288	England Lions vs Pakistan A, 5th Match	St Lawrence Ground, Canterbury	51.280233	1.0789089	09:30 AM  GMT  / 10:30 AM LOCAL
289	England Lions vs Sri Lanka A, 6th Match	St Lawrence Ground, Canterbury	51.280233	1.0789089	09:30 AM  GMT  / 10:30 AM LOCAL
290	Leicestershire vs Lancashire, North Group	Grace Road, Leicester	52.5388793	-1.2764178	10:00 AM  GMT  / 11:00 AM LOCAL
291	Warwickshire vs Northamptonshire, North Group	Edgbaston, Birmingham	52.4608009	-1.914995	10:00 AM  GMT  / 11:00 AM LOCAL
292	Essex vs Glamorgan, South Group	County Ground, Chelmsford	51.7355868	0.4685497	01:00 PM  GMT  / 02:00 PM LOCAL
293	Somerset vs Middlesex, South Group	County Ground, Taunton	51.015344	-3.106849	10:00 AM  GMT  / 11:00 AM LOCAL
294	Hampshire vs Kent, South Group	The Rose Bowl, Southampton	50.90970040000001	-1.4043509	01:00 PM  GMT  / 02:00 PM LOCAL
295	Worcestershire vs Northamptonshire, North Group	New Road, Worcester	52.1895713	-2.2282996	10:00 AM  GMT  / 11:00 AM LOCAL
296	Yorkshire vs Nottinghamshire, North Group	North Marine Road Ground, Scarborough	54.288187	-0.4028659	10:00 AM  GMT  / 11:00 AM LOCAL
297	Derbyshire vs Lancashire, North Group	County Ground, Derby	41.3294796	-73.0793568	01:00 PM  GMT  / 02:00 PM LOCAL
298	Durham vs Warwickshire, North Group	Riverside Ground, Chester-le-Street	54.852089	-1.563289	11:00 AM  GMT  / 12:00 PM LOCAL
299	Surrey vs Gloucestershire, South Group	Kennington Oval, London	51.4843686	-0.1139201	01:00 PM  GMT  / 02:00 PM LOCAL
300	Sussex vs Hampshire, South Group	County Ground, Hove	50.8279319	-0.168749	01:00 PM  GMT  / 02:00 PM LOCAL
301	Worcestershire vs Pakistan, 3rd 2-day practice match	New Road, Worcester	52.1895713	-2.2282996	10:00 AM  GMT  / 11:00 AM LOCAL
302	Netherlands vs Afghanistan, 13th Match	Sportpark Westvliet, The Hague	52.0688989	4.3793091	12:00 AM  GMT  / 02:00 AM LOCAL
303	Worcestershire vs Pakistan, 3rd 2-day practice match	New Road, Worcester	52.1895713	-2.2282996	10:00 AM  GMT  / 11:00 AM LOCAL
304	Netherlands vs Afghanistan, 13th Match	Sportpark Westvliet, The Hague	52.0688989	4.3793091	12:00 AM  GMT  / 02:00 AM LOCAL
305	Somerset vs Sussex, South Group	County Ground, Taunton	51.015344	-3.106849	10:00 AM  GMT  / 11:00 AM LOCAL
306	Netherlands vs Afghanistan, 13th Match	Sportpark Westvliet, The Hague	52.0688989	4.3793091	12:00 AM  GMT  / 02:00 AM LOCAL
307	Glamorgan vs Hampshire, North Group	St Helen's, Swansea	51.6150392	-3.9610584	10:00 AM  GMT  / 11:00 AM LOCAL
308	Leicestershire vs Nottinghamshire, North Group	Grace Road, Leicester	52.5388793	-1.2764178	10:00 AM  GMT  / 11:00 AM LOCAL
309	Northamptonshire vs Derbyshire, North Group	County Ground, Northampton	52.249508	-0.8702200000000001	10:00 AM  GMT  / 11:00 AM LOCAL
310	Worcestershire vs Lancashire, North Group	New Road, Worcester	52.1895713	-2.2282996	10:00 AM  GMT  / 11:00 AM LOCAL
311	Durham vs Yorkshire, South Group	Riverside Ground, Chester-le-Street	54.852089	-1.563289	10:00 AM  GMT  / 11:00 AM LOCAL
312	Kent vs Gloucestershire, South Group	St Lawrence Ground, Canterbury	51.280233	1.0789089	10:00 AM  GMT  / 11:00 AM LOCAL
313	Middlesex vs Essex, South Group	Lord's, London	51.5289171	-0.1748869	10:00 AM  GMT  / 11:00 AM LOCAL
314	Netherlands vs Afghanistan, 13th Match	Sportpark Westvliet, The Hague	52.0688989	4.3793091	12:00 AM  GMT  / 02:00 AM LOCAL
315	Derbyshire vs Leicestershire, North Group	County Ground, Derby	41.3294796	-73.0793568	01:00 PM  GMT  / 02:00 PM LOCAL
316	Lancashire vs Durham, North Group	Old Trafford, Manchester	53.46165999999999	-2.271707	01:00 PM  GMT  / 02:00 PM LOCAL
317	Nottinghamshire vs Worcestershire, North Group	Trent Bridge, Nottingham	52.937772	-1.1313849	01:00 PM  GMT  / 02:00 PM LOCAL
318	Yorkshire vs Warwickshire, North Group	Headingley, Leeds	53.8215574	-1.5757947	01:00 PM  GMT  / 02:00 PM LOCAL
319	Surrey vs Glamorgan, South Group	Kennington Oval, London	51.4843686	-0.1139201	01:00 PM  GMT  / 02:00 PM LOCAL
320	Gloucestershire vs Essex, South Group	County Ground, Bristol	42.0313267	-71.2588834	12:30 PM  GMT  / 01:30 PM LOCAL
321	Hampshire vs Somerset, South Group	The Rose Bowl, Southampton	50.90970040000001	-1.4043509	12:30 PM  GMT  / 01:30 PM LOCAL
322	Middlesex vs Surrey, South Group	Lord's, London	51.5289171	-0.1748869	12:30 PM  GMT  / 01:30 PM LOCAL
323	Sussex vs Kent, South Group	County Ground, Hove	50.8279319	-0.168749	12:30 PM  GMT  / 01:30 PM LOCAL
324	Glamorgan vs Northamptonshire, County Div 2	St Helen's, Swansea	51.6150392	-3.9610584	10:00 AM  GMT  / 11:00 AM LOCAL
325	Kent vs Worcestershire, County Div 2	St Lawrence Ground, Canterbury	51.280233	1.0789089	10:00 AM  GMT  / 11:00 AM LOCAL
326	Glamorgan vs Northamptonshire, County Div 2	St Helen's, Swansea	51.6150392	-3.9610584	10:00 AM  GMT  / 11:00 AM LOCAL
327	Kent vs Worcestershire, County Div 2	St Lawrence Ground, Canterbury	51.280233	1.0789089	10:00 AM  GMT  / 11:00 AM LOCAL
328	Essex vs Sussex, County Div 2	Castle Park Cricket Ground, Colchester	51.895927	0.8918740000000001	10:00 AM  GMT  / 11:00 AM LOCAL
329	Leicestershire vs Derbyshire, County Div 2	Grace Road, Leicester	52.5388793	-1.2764178	10:00 AM  GMT  / 11:00 AM LOCAL
330	Hampshire vs Lancashire, County Div 1	The Rose Bowl, Southampton	50.90970040000001	-1.4043509	10:00 AM  GMT  / 11:00 AM LOCAL
331	Middlesex vs Surrey, County Div 1	Lord's, London	51.5289171	-0.1748869	10:00 AM  GMT  / 11:00 AM LOCAL
332	Somerset vs Durham, County Div 1	County Ground, Taunton	51.015344	-3.106849	10:00 AM  GMT  / 11:00 AM LOCAL
333	Yorkshire vs Warwickshire, County Div 1	Headingley, Leeds	53.8215574	-1.5757947	10:00 AM  GMT  / 11:00 AM LOCAL
334	Glamorgan vs Northamptonshire, County Div 2	St Helen's, Swansea	51.6150392	-3.9610584	10:00 AM  GMT  / 11:00 AM LOCAL
335	Kent vs Worcestershire, County Div 2	St Lawrence Ground, Canterbury	51.280233	1.0789089	10:00 AM  GMT  / 11:00 AM LOCAL
336	Essex vs Sussex, County Div 2	Castle Park Cricket Ground, Colchester	51.895927	0.8918740000000001	10:00 AM  GMT  / 11:00 AM LOCAL
337	Leicestershire vs Derbyshire, County Div 2	Grace Road, Leicester	52.5388793	-1.2764178	10:00 AM  GMT  / 11:00 AM LOCAL
338	Hampshire vs Lancashire, County Div 1	The Rose Bowl, Southampton	50.90970040000001	-1.4043509	10:00 AM  GMT  / 11:00 AM LOCAL
339	Middlesex vs Surrey, County Div 1	Lord's, London	51.5289171	-0.1748869	10:00 AM  GMT  / 11:00 AM LOCAL
340	Somerset vs Durham, County Div 1	County Ground, Taunton	51.015344	-3.106849	10:00 AM  GMT  / 11:00 AM LOCAL
341	Yorkshire vs Warwickshire, County Div 1	Headingley, Leeds	53.8215574	-1.5757947	10:00 AM  GMT  / 11:00 AM LOCAL
342	Glamorgan vs Northamptonshire, County Div 2	St Helen's, Swansea	51.6150392	-3.9610584	10:00 AM  GMT  / 11:00 AM LOCAL
343	Kent vs Worcestershire, County Div 2	St Lawrence Ground, Canterbury	51.280233	1.0789089	10:00 AM  GMT  / 11:00 AM LOCAL
344	Essex vs Sussex, County Div 2	Castle Park Cricket Ground, Colchester	51.895927	0.8918740000000001	10:00 AM  GMT  / 11:00 AM LOCAL
345	Leicestershire vs Derbyshire, County Div 2	Grace Road, Leicester	52.5388793	-1.2764178	10:00 AM  GMT  / 11:00 AM LOCAL
346	Hampshire vs Lancashire, County Div 1	The Rose Bowl, Southampton	50.90970040000001	-1.4043509	10:00 AM  GMT  / 11:00 AM LOCAL
347	Middlesex vs Surrey, County Div 1	Lord's, London	51.5289171	-0.1748869	10:00 AM  GMT  / 11:00 AM LOCAL
348	Somerset vs Durham, County Div 1	County Ground, Taunton	51.015344	-3.106849	10:00 AM  GMT  / 11:00 AM LOCAL
349	Yorkshire vs Warwickshire, County Div 1	Headingley, Leeds	53.8215574	-1.5757947	10:00 AM  GMT  / 11:00 AM LOCAL
350	Hampshire vs Lancashire, County Div 1	The Rose Bowl, Southampton	50.90970040000001	-1.4043509	10:00 AM  GMT  / 11:00 AM LOCAL
351	Middlesex vs Surrey, County Div 1	Lord's, London	51.5289171	-0.1748869	10:00 AM  GMT  / 11:00 AM LOCAL
352	Somerset vs Durham, County Div 1	County Ground, Taunton	51.015344	-3.106849	10:00 AM  GMT  / 11:00 AM LOCAL
353	Yorkshire vs Warwickshire, County Div 1	Headingley, Leeds	53.8215574	-1.5757947	10:00 AM  GMT  / 11:00 AM LOCAL
354	Essex vs Sussex, County Div 2	Castle Park Cricket Ground, Colchester	51.895927	0.8918740000000001	10:00 AM  GMT  / 11:00 AM LOCAL
355	Leicestershire vs Derbyshire, County Div 2	Grace Road, Leicester	52.5388793	-1.2764178	10:00 AM  GMT  / 11:00 AM LOCAL
356	Scotland vs United Arab Emirates, 14th Match	Mannofield Park, Aberdeen	57.1550338	-2.0882269	10:00 AM  GMT  / 11:00 AM LOCAL
357	Scotland vs United Arab Emirates, 14th Match	Mannofield Park, Aberdeen	57.1550338	-2.0882269	10:00 AM  GMT  / 11:00 AM LOCAL
358	Scotland vs United Arab Emirates, 14th Match	Mannofield Park, Aberdeen	57.1550338	-2.0882269	10:00 AM  GMT  / 11:00 AM LOCAL
359	Scotland vs United Arab Emirates, 14th Match	Mannofield Park, Aberdeen	57.1550338	-2.0882269	10:00 AM  GMT  / 11:00 AM LOCAL
360	Lancashire vs Yorkshire, County Div 1	Old Trafford, Manchester	53.46165999999999	-2.271707	10:00 AM  GMT  / 11:00 AM LOCAL
361	Middlesex vs Durham, County Div 1	Lord's, London	51.5289171	-0.1748869	10:00 AM  GMT  / 11:00 AM LOCAL
362	Nottinghamshire vs Hampshire, County Div 1	Trent Bridge, Nottingham	52.937772	-1.1313849	10:00 AM  GMT  / 11:00 AM LOCAL
363	Warwickshire vs Surrey, County Div 1	Edgbaston, Birmingham	52.4608009	-1.914995	10:00 AM  GMT  / 11:00 AM LOCAL
364	Derbyshire vs Essex, County Div 2	County Ground, Derby	41.3294796	-73.0793568	10:00 AM  GMT  / 11:00 AM LOCAL
365	Northamptonshire vs Leicestershire, County Div 2	County Ground, Northampton	52.249508	-0.8702200000000001	10:00 AM  GMT  / 11:00 AM LOCAL
366	Sussex vs Gloucestershire, County Div 2	County Ground, Hove	50.8279319	-0.168749	10:00 AM  GMT  / 11:00 AM LOCAL
367	Worcestershire vs Glamorgan, County Div 2	New Road, Worcester	52.1895713	-2.2282996	10:00 AM  GMT  / 11:00 AM LOCAL
368	Netherlands vs Nepal, 25th Match	VRA Cricket Ground, Amstelveen	52.3114207	4.870087	09:00 AM  GMT  / 11:00 AM LOCAL
369	Lancashire vs Yorkshire, County Div 1	Old Trafford, Manchester	53.46165999999999	-2.271707	10:00 AM  GMT  / 11:00 AM LOCAL
370	Middlesex vs Durham, County Div 1	Lord's, London	51.5289171	-0.1748869	10:00 AM  GMT  / 11:00 AM LOCAL
371	Nottinghamshire vs Hampshire, County Div 1	Trent Bridge, Nottingham	52.937772	-1.1313849	10:00 AM  GMT  / 11:00 AM LOCAL
372	Warwickshire vs Surrey, County Div 1	Edgbaston, Birmingham	52.4608009	-1.914995	10:00 AM  GMT  / 11:00 AM LOCAL
373	Derbyshire vs Essex, County Div 2	County Ground, Derby	41.3294796	-73.0793568	10:00 AM  GMT  / 11:00 AM LOCAL
374	Northamptonshire vs Leicestershire, County Div 2	County Ground, Northampton	52.249508	-0.8702200000000001	10:00 AM  GMT  / 11:00 AM LOCAL
375	Sussex vs Gloucestershire, County Div 2	County Ground, Hove	50.8279319	-0.168749	10:00 AM  GMT  / 11:00 AM LOCAL
376	Worcestershire vs Glamorgan, County Div 2	New Road, Worcester	52.1895713	-2.2282996	10:00 AM  GMT  / 11:00 AM LOCAL
377	Scotland vs United Arab Emirates, 26th Match	Mannofield Park, Aberdeen	57.1550338	-2.0882269	09:45 AM  GMT  / 10:45 AM LOCAL
378	Lancashire vs Yorkshire, County Div 1	Old Trafford, Manchester	53.46165999999999	-2.271707	10:00 AM  GMT  / 11:00 AM LOCAL
379	Middlesex vs Durham, County Div 1	Lord's, London	51.5289171	-0.1748869	10:00 AM  GMT  / 11:00 AM LOCAL
380	Nottinghamshire vs Hampshire, County Div 1	Trent Bridge, Nottingham	52.937772	-1.1313849	10:00 AM  GMT  / 11:00 AM LOCAL
381	Warwickshire vs Surrey, County Div 1	Edgbaston, Birmingham	52.4608009	-1.914995	10:00 AM  GMT  / 11:00 AM LOCAL
382	Derbyshire vs Essex, County Div 2	County Ground, Derby	41.3294796	-73.0793568	10:00 AM  GMT  / 11:00 AM LOCAL
383	Northamptonshire vs Leicestershire, County Div 2	County Ground, Northampton	52.249508	-0.8702200000000001	10:00 AM  GMT  / 11:00 AM LOCAL
384	Sussex vs Gloucestershire, County Div 2	County Ground, Hove	50.8279319	-0.168749	10:00 AM  GMT  / 11:00 AM LOCAL
385	Worcestershire vs Glamorgan, County Div 2	New Road, Worcester	52.1895713	-2.2282996	10:00 AM  GMT  / 11:00 AM LOCAL
386	Netherlands vs Nepal, 27th Match	VRA Cricket Ground, Amstelveen	52.3114207	4.870087	09:00 AM  GMT  / 11:00 AM LOCAL
387	Lancashire vs Yorkshire, County Div 1	Old Trafford, Manchester	53.46165999999999	-2.271707	10:00 AM  GMT  / 11:00 AM LOCAL
388	Middlesex vs Durham, County Div 1	Lord's, London	51.5289171	-0.1748869	10:00 AM  GMT  / 11:00 AM LOCAL
389	Nottinghamshire vs Hampshire, County Div 1	Trent Bridge, Nottingham	52.937772	-1.1313849	10:00 AM  GMT  / 11:00 AM LOCAL
390	Warwickshire vs Surrey, County Div 1	Edgbaston, Birmingham	52.4608009	-1.914995	10:00 AM  GMT  / 11:00 AM LOCAL
391	Derbyshire vs Essex, County Div 2	County Ground, Derby	41.3294796	-73.0793568	10:00 AM  GMT  / 11:00 AM LOCAL
392	Northamptonshire vs Leicestershire, County Div 2	County Ground, Northampton	52.249508	-0.8702200000000001	10:00 AM  GMT  / 11:00 AM LOCAL
393	Sussex vs Gloucestershire, County Div 2	County Ground, Hove	50.8279319	-0.168749	10:00 AM  GMT  / 11:00 AM LOCAL
394	Worcestershire vs Glamorgan, County Div 2	New Road, Worcester	52.1895713	-2.2282996	10:00 AM  GMT  / 11:00 AM LOCAL
395	Scotland vs United Arab Emirates, 28th Match	Mannofield Park, Aberdeen	57.1550338	-2.0882269	09:45 AM  GMT  / 10:45 AM LOCAL
396	TBC vs TBC, 1st Quarter-Final	TBC, TBC	36.0845812	-111.3797378	12:00 AM  GMT  / 05:30 AM LOCAL
397	TBC vs TBC, 2nd Quarter-Final	TBC, TBC	36.0845812	-111.3797378	12:00 AM  GMT  / 05:30 AM LOCAL
398	TBC vs TBC, 3rd Quarter-Final	TBC, TBC	36.0845812	-111.3797378	12:00 AM  GMT  / 05:30 AM LOCAL
399	TBC vs TBC, 4th Quarter-Final	TBC, TBC	36.0845812	-111.3797378	12:00 AM  GMT  / 05:30 AM LOCAL
400	Durham vs Warwickshire, County Div 1	Riverside Ground, Chester-le-Street	54.852089	-1.563289	10:00 AM  GMT  / 11:00 AM LOCAL
401	Somerset vs Hampshire, County Div 1	County Ground, Taunton	51.015344	-3.106849	10:00 AM  GMT  / 11:00 AM LOCAL
402	Surrey vs Lancashire, County Div 1	Kennington Oval, London	51.4843686	-0.1139201	10:00 AM  GMT  / 11:00 AM LOCAL
403	Yorkshire vs Nottinghamshire, County Div 1	North Marine Road Ground, Scarborough	54.288187	-0.4028659	10:00 AM  GMT  / 11:00 AM LOCAL
404	Glamorgan vs Sussex, County Div 2	Sophia Gardens, Cardiff	51.484295	-3.1895088	10:00 AM  GMT  / 11:00 AM LOCAL
405	Gloucestershire vs Kent, County Div 2	County Ground, Bristol	42.0313267	-71.2588834	10:00 AM  GMT  / 11:00 AM LOCAL
406	Leicestershire vs Essex, County Div 2	Grace Road, Leicester	52.5388793	-1.2764178	10:00 AM  GMT  / 11:00 AM LOCAL
407	Worcestershire vs Northamptonshire, County Div 2	New Road, Worcester	52.1895713	-2.2282996	10:00 AM  GMT  / 11:00 AM LOCAL
408	Durham vs Warwickshire, County Div 1	Riverside Ground, Chester-le-Street	54.852089	-1.563289	10:00 AM  GMT  / 11:00 AM LOCAL
409	Somerset vs Hampshire, County Div 1	County Ground, Taunton	51.015344	-3.106849	10:00 AM  GMT  / 11:00 AM LOCAL
410	Surrey vs Lancashire, County Div 1	Kennington Oval, London	51.4843686	-0.1139201	10:00 AM  GMT  / 11:00 AM LOCAL
411	Yorkshire vs Nottinghamshire, County Div 1	North Marine Road Ground, Scarborough	54.288187	-0.4028659	10:00 AM  GMT  / 11:00 AM LOCAL
412	Glamorgan vs Sussex, County Div 2	Sophia Gardens, Cardiff	51.484295	-3.1895088	10:00 AM  GMT  / 11:00 AM LOCAL
413	Gloucestershire vs Kent, County Div 2	County Ground, Bristol	42.0313267	-71.2588834	10:00 AM  GMT  / 11:00 AM LOCAL
414	Leicestershire vs Essex, County Div 2	Grace Road, Leicester	52.5388793	-1.2764178	10:00 AM  GMT  / 11:00 AM LOCAL
415	Worcestershire vs Northamptonshire, County Div 2	New Road, Worcester	52.1895713	-2.2282996	10:00 AM  GMT  / 11:00 AM LOCAL
416	Durham vs Warwickshire, County Div 1	Riverside Ground, Chester-le-Street	54.852089	-1.563289	10:00 AM  GMT  / 11:00 AM LOCAL
417	Somerset vs Hampshire, County Div 1	County Ground, Taunton	51.015344	-3.106849	10:00 AM  GMT  / 11:00 AM LOCAL
418	Surrey vs Lancashire, County Div 1	Kennington Oval, London	51.4843686	-0.1139201	10:00 AM  GMT  / 11:00 AM LOCAL
419	Yorkshire vs Nottinghamshire, County Div 1	North Marine Road Ground, Scarborough	54.288187	-0.4028659	10:00 AM  GMT  / 11:00 AM LOCAL
420	Glamorgan vs Sussex, County Div 2	Sophia Gardens, Cardiff	51.484295	-3.1895088	10:00 AM  GMT  / 11:00 AM LOCAL
421	Gloucestershire vs Kent, County Div 2	County Ground, Bristol	42.0313267	-71.2588834	10:00 AM  GMT  / 11:00 AM LOCAL
422	Leicestershire vs Essex, County Div 2	Grace Road, Leicester	52.5388793	-1.2764178	10:00 AM  GMT  / 11:00 AM LOCAL
423	Worcestershire vs Northamptonshire, County Div 2	New Road, Worcester	52.1895713	-2.2282996	10:00 AM  GMT  / 11:00 AM LOCAL
424	Durham vs Warwickshire, County Div 1	Riverside Ground, Chester-le-Street	54.852089	-1.563289	10:00 AM  GMT  / 11:00 AM LOCAL
425	Somerset vs Hampshire, County Div 1	County Ground, Taunton	51.015344	-3.106849	10:00 AM  GMT  / 11:00 AM LOCAL
426	Surrey vs Lancashire, County Div 1	Kennington Oval, London	51.4843686	-0.1139201	10:00 AM  GMT  / 11:00 AM LOCAL
427	Yorkshire vs Nottinghamshire, County Div 1	North Marine Road Ground, Scarborough	54.288187	-0.4028659	10:00 AM  GMT  / 11:00 AM LOCAL
428	Glamorgan vs Sussex, County Div 2	Sophia Gardens, Cardiff	51.484295	-3.1895088	10:00 AM  GMT  / 11:00 AM LOCAL
429	Gloucestershire vs Kent, County Div 2	County Ground, Bristol	42.0313267	-71.2588834	10:00 AM  GMT  / 11:00 AM LOCAL
430	Leicestershire vs Essex, County Div 2	Grace Road, Leicester	52.5388793	-1.2764178	10:00 AM  GMT  / 11:00 AM LOCAL
431	Worcestershire vs Northamptonshire, County Div 2	New Road, Worcester	52.1895713	-2.2282996	10:00 AM  GMT  / 11:00 AM LOCAL
432	TBC vs TBC, 1st Semi-Final	TBC, TBC	36.0845812	-111.3797378	12:00 AM  GMT  / 05:30 AM LOCAL
433	TBC vs TBC, 2nd Semi-Final	TBC, TBC	36.0845812	-111.3797378	12:00 AM  GMT  / 05:30 AM LOCAL
434	Ireland vs Hong Kong, 15th Match	Civil Service Cricket Club, Belfast	54.59728500000001	-5.93012	10:00 AM  GMT  / 11:00 AM LOCAL
435	Ireland vs Hong Kong, 15th Match	Civil Service Cricket Club, Belfast	54.59728500000001	-5.93012	10:00 AM  GMT  / 11:00 AM LOCAL
436	Durham vs Nottinghamshire, County Div 1	Riverside Ground, Chester-le-Street	54.852089	-1.563289	10:00 AM  GMT  / 11:00 AM LOCAL
437	Hampshire vs Yorkshire, County Div 1	The Rose Bowl, Southampton	50.90970040000001	-1.4043509	10:00 AM  GMT  / 11:00 AM LOCAL
438	Lancashire vs Somerset, County Div 1	Old Trafford, Manchester	53.46165999999999	-2.271707	10:00 AM  GMT  / 11:00 AM LOCAL
439	Warwickshire vs Middlesex, County Div 1	Edgbaston, Birmingham	52.4608009	-1.914995	10:00 AM  GMT  / 11:00 AM LOCAL
440	Derbyshire vs Gloucestershire, County Div 2	County Ground, Derby	41.3294796	-73.0793568	09:30 AM  GMT  / 10:30 AM LOCAL
441	Essex vs Worcestershire, County Div 2	County Ground, Chelmsford	51.7355868	0.4685497	09:30 AM  GMT  / 10:30 AM LOCAL
442	Sussex vs Kent, County Div 2	County Ground, Hove	50.8279319	-0.168749	09:30 AM  GMT  / 10:30 AM LOCAL
443	Northamptonshire vs Glamorgan, County Div 2	County Ground, Northampton	52.249508	-0.8702200000000001	09:30 AM  GMT  / 10:30 AM LOCAL
444	Ireland vs Hong Kong, 15th Match	Civil Service Cricket Club, Belfast	54.59728500000001	-5.93012	10:00 AM  GMT  / 11:00 AM LOCAL
445	Durham vs Nottinghamshire, County Div 1	Riverside Ground, Chester-le-Street	54.852089	-1.563289	10:00 AM  GMT  / 11:00 AM LOCAL
446	Hampshire vs Yorkshire, County Div 1	The Rose Bowl, Southampton	50.90970040000001	-1.4043509	10:00 AM  GMT  / 11:00 AM LOCAL
447	Lancashire vs Somerset, County Div 1	Old Trafford, Manchester	53.46165999999999	-2.271707	10:00 AM  GMT  / 11:00 AM LOCAL
448	Warwickshire vs Middlesex, County Div 1	Edgbaston, Birmingham	52.4608009	-1.914995	10:00 AM  GMT  / 11:00 AM LOCAL
449	Derbyshire vs Gloucestershire, County Div 2	County Ground, Derby	41.3294796	-73.0793568	09:30 AM  GMT  / 10:30 AM LOCAL
450	Essex vs Worcestershire, County Div 2	County Ground, Chelmsford	51.7355868	0.4685497	09:30 AM  GMT  / 10:30 AM LOCAL
451	Sussex vs Kent, County Div 2	County Ground, Hove	50.8279319	-0.168749	09:30 AM  GMT  / 10:30 AM LOCAL
452	Northamptonshire vs Glamorgan, County Div 2	County Ground, Northampton	52.249508	-0.8702200000000001	09:30 AM  GMT  / 10:30 AM LOCAL
453	Ireland vs Hong Kong, 15th Match	Civil Service Cricket Club, Belfast	54.59728500000001	-5.93012	10:00 AM  GMT  / 11:00 AM LOCAL
454	Durham vs Nottinghamshire, County Div 1	Riverside Ground, Chester-le-Street	54.852089	-1.563289	10:00 AM  GMT  / 11:00 AM LOCAL
455	Hampshire vs Yorkshire, County Div 1	The Rose Bowl, Southampton	50.90970040000001	-1.4043509	10:00 AM  GMT  / 11:00 AM LOCAL
456	Lancashire vs Somerset, County Div 1	Old Trafford, Manchester	53.46165999999999	-2.271707	10:00 AM  GMT  / 11:00 AM LOCAL
457	Warwickshire vs Middlesex, County Div 1	Edgbaston, Birmingham	52.4608009	-1.914995	10:00 AM  GMT  / 11:00 AM LOCAL
458	Derbyshire vs Gloucestershire, County Div 2	County Ground, Derby	41.3294796	-73.0793568	09:30 AM  GMT  / 10:30 AM LOCAL
459	Essex vs Worcestershire, County Div 2	County Ground, Chelmsford	51.7355868	0.4685497	09:30 AM  GMT  / 10:30 AM LOCAL
460	Sussex vs Kent, County Div 2	County Ground, Hove	50.8279319	-0.168749	09:30 AM  GMT  / 10:30 AM LOCAL
461	Northamptonshire vs Glamorgan, County Div 2	County Ground, Northampton	52.249508	-0.8702200000000001	09:30 AM  GMT  / 10:30 AM LOCAL
462	Durham vs Nottinghamshire, County Div 1	Riverside Ground, Chester-le-Street	54.852089	-1.563289	10:00 AM  GMT  / 11:00 AM LOCAL
463	Hampshire vs Yorkshire, County Div 1	The Rose Bowl, Southampton	50.90970040000001	-1.4043509	10:00 AM  GMT  / 11:00 AM LOCAL
464	Lancashire vs Somerset, County Div 1	Old Trafford, Manchester	53.46165999999999	-2.271707	10:00 AM  GMT  / 11:00 AM LOCAL
465	Warwickshire vs Middlesex, County Div 1	Edgbaston, Birmingham	52.4608009	-1.914995	10:00 AM  GMT  / 11:00 AM LOCAL
466	Derbyshire vs Gloucestershire, County Div 2	County Ground, Derby	41.3294796	-73.0793568	09:30 AM  GMT  / 10:30 AM LOCAL
467	Essex vs Worcestershire, County Div 2	County Ground, Chelmsford	51.7355868	0.4685497	09:30 AM  GMT  / 10:30 AM LOCAL
468	Sussex vs Kent, County Div 2	County Ground, Hove	50.8279319	-0.168749	09:30 AM  GMT  / 10:30 AM LOCAL
469	Northamptonshire vs Glamorgan, County Div 2	County Ground, Northampton	52.249508	-0.8702200000000001	09:30 AM  GMT  / 10:30 AM LOCAL
470	Nottinghamshire vs Middlesex, County Div 1	Trent Bridge, Nottingham	52.937772	-1.1313849	09:30 AM  GMT  / 10:30 AM LOCAL
471	Somerset vs Warwickshire, County Div 1	County Ground, Taunton	51.015344	-3.106849	09:30 AM  GMT  / 10:30 AM LOCAL
472	Surrey vs Hampshire, County Div 1	Kennington Oval, London	51.4843686	-0.1139201	09:30 AM  GMT  / 10:30 AM LOCAL
473	Yorkshire vs Durham, County Div 1	Headingley, Leeds	53.8215574	-1.5757947	09:30 AM  GMT  / 10:30 AM LOCAL
474	Glamorgan vs Gloucestershire, County Div 2	Sophia Gardens, Cardiff	51.484295	-3.1895088	09:30 AM  GMT  / 10:30 AM LOCAL
475	Kent vs Northamptonshire, County Div 2	Kent County Cricket Ground, Beckenham	51.4193507	-0.0271801	09:30 AM  GMT  / 09:30 AM LOCAL
476	Leicestershire vs Sussex, County Div 2	Grace Road, Leicester	52.5388793	-1.2764178	09:30 AM  GMT  / 10:30 AM LOCAL
477	Nottinghamshire vs Middlesex, County Div 1	Trent Bridge, Nottingham	52.937772	-1.1313849	09:30 AM  GMT  / 10:30 AM LOCAL
478	Somerset vs Warwickshire, County Div 1	County Ground, Taunton	51.015344	-3.106849	09:30 AM  GMT  / 10:30 AM LOCAL
479	Surrey vs Hampshire, County Div 1	Kennington Oval, London	51.4843686	-0.1139201	09:30 AM  GMT  / 10:30 AM LOCAL
480	Yorkshire vs Durham, County Div 1	Headingley, Leeds	53.8215574	-1.5757947	09:30 AM  GMT  / 10:30 AM LOCAL
481	Glamorgan vs Gloucestershire, County Div 2	Sophia Gardens, Cardiff	51.484295	-3.1895088	09:30 AM  GMT  / 10:30 AM LOCAL
482	Kent vs Northamptonshire, County Div 2	Kent County Cricket Ground, Beckenham	51.4193507	-0.0271801	09:30 AM  GMT  / 09:30 AM LOCAL
483	Leicestershire vs Sussex, County Div 2	Grace Road, Leicester	52.5388793	-1.2764178	09:30 AM  GMT  / 10:30 AM LOCAL
484	Nottinghamshire vs Middlesex, County Div 1	Trent Bridge, Nottingham	52.937772	-1.1313849	09:30 AM  GMT  / 10:30 AM LOCAL
485	Somerset vs Warwickshire, County Div 1	County Ground, Taunton	51.015344	-3.106849	09:30 AM  GMT  / 10:30 AM LOCAL
486	Surrey vs Hampshire, County Div 1	Kennington Oval, London	51.4843686	-0.1139201	09:30 AM  GMT  / 10:30 AM LOCAL
487	Yorkshire vs Durham, County Div 1	Headingley, Leeds	53.8215574	-1.5757947	09:30 AM  GMT  / 10:30 AM LOCAL
488	Glamorgan vs Gloucestershire, County Div 2	Sophia Gardens, Cardiff	51.484295	-3.1895088	09:30 AM  GMT  / 10:30 AM LOCAL
489	Kent vs Northamptonshire, County Div 2	Kent County Cricket Ground, Beckenham	51.4193507	-0.0271801	09:30 AM  GMT  / 09:30 AM LOCAL
490	Leicestershire vs Sussex, County Div 2	Grace Road, Leicester	52.5388793	-1.2764178	09:30 AM  GMT  / 10:30 AM LOCAL
491	Nottinghamshire vs Middlesex, County Div 1	Trent Bridge, Nottingham	52.937772	-1.1313849	09:30 AM  GMT  / 10:30 AM LOCAL
492	Somerset vs Warwickshire, County Div 1	County Ground, Taunton	51.015344	-3.106849	09:30 AM  GMT  / 10:30 AM LOCAL
493	Surrey vs Hampshire, County Div 1	Kennington Oval, London	51.4843686	-0.1139201	09:30 AM  GMT  / 10:30 AM LOCAL
494	Yorkshire vs Durham, County Div 1	Headingley, Leeds	53.8215574	-1.5757947	09:30 AM  GMT  / 10:30 AM LOCAL
495	Glamorgan vs Gloucestershire, County Div 2	Sophia Gardens, Cardiff	51.484295	-3.1895088	09:30 AM  GMT  / 10:30 AM LOCAL
496	Kent vs Northamptonshire, County Div 2	Kent County Cricket Ground, Beckenham	51.4193507	-0.0271801	09:30 AM  GMT  / 09:30 AM LOCAL
497	Leicestershire vs Sussex, County Div 2	Grace Road, Leicester	52.5388793	-1.2764178	09:30 AM  GMT  / 10:30 AM LOCAL
498	Durham vs Surrey, County Div 1	Riverside Ground, Chester-le-Street	54.852089	-1.563289	09:30 AM  GMT  / 10:30 AM LOCAL
499	Lancashire vs Middlesex, County Div 1	Old Trafford, Manchester	53.46165999999999	-2.271707	09:30 AM  GMT  / 10:30 AM LOCAL
500	Yorkshire vs Somerset, County Div 1	Headingley, Leeds	53.8215574	-1.5757947	09:30 AM  GMT  / 10:30 AM LOCAL
501	Derbyshire vs Leicestershire, County Div 2	County Ground, Derby	41.3294796	-73.0793568	09:30 AM  GMT  / 10:30 AM LOCAL
502	Essex vs Glamorgan, County Div 2	County Ground, Chelmsford	51.7355868	0.4685497	09:30 AM  GMT  / 10:30 AM LOCAL
503	Northamptonshire vs Gloucestershire, County Div 2	County Ground, Northampton	52.249508	-0.8702200000000001	09:30 AM  GMT  / 10:30 AM LOCAL
504	Sussex vs Worcestershire, County Div 2	County Ground, Hove	50.8279319	-0.168749	09:30 AM  GMT  / 10:30 AM LOCAL
505	Durham vs Surrey, County Div 1	Riverside Ground, Chester-le-Street	54.852089	-1.563289	09:30 AM  GMT  / 10:30 AM LOCAL
506	Lancashire vs Middlesex, County Div 1	Old Trafford, Manchester	53.46165999999999	-2.271707	09:30 AM  GMT  / 10:30 AM LOCAL
507	Yorkshire vs Somerset, County Div 1	Headingley, Leeds	53.8215574	-1.5757947	09:30 AM  GMT  / 10:30 AM LOCAL
508	Derbyshire vs Leicestershire, County Div 2	County Ground, Derby	41.3294796	-73.0793568	09:30 AM  GMT  / 10:30 AM LOCAL
509	Essex vs Glamorgan, County Div 2	County Ground, Chelmsford	51.7355868	0.4685497	09:30 AM  GMT  / 10:30 AM LOCAL
510	Northamptonshire vs Gloucestershire, County Div 2	County Ground, Northampton	52.249508	-0.8702200000000001	09:30 AM  GMT  / 10:30 AM LOCAL
511	Sussex vs Worcestershire, County Div 2	County Ground, Hove	50.8279319	-0.168749	09:30 AM  GMT  / 10:30 AM LOCAL
512	Durham vs Surrey, County Div 1	Riverside Ground, Chester-le-Street	54.852089	-1.563289	09:30 AM  GMT  / 10:30 AM LOCAL
513	Lancashire vs Middlesex, County Div 1	Old Trafford, Manchester	53.46165999999999	-2.271707	09:30 AM  GMT  / 10:30 AM LOCAL
514	Yorkshire vs Somerset, County Div 1	Headingley, Leeds	53.8215574	-1.5757947	09:30 AM  GMT  / 10:30 AM LOCAL
515	Derbyshire vs Leicestershire, County Div 2	County Ground, Derby	41.3294796	-73.0793568	09:30 AM  GMT  / 10:30 AM LOCAL
516	Essex vs Glamorgan, County Div 2	County Ground, Chelmsford	51.7355868	0.4685497	09:30 AM  GMT  / 10:30 AM LOCAL
517	Northamptonshire vs Gloucestershire, County Div 2	County Ground, Northampton	52.249508	-0.8702200000000001	09:30 AM  GMT  / 10:30 AM LOCAL
518	Sussex vs Worcestershire, County Div 2	County Ground, Hove	50.8279319	-0.168749	09:30 AM  GMT  / 10:30 AM LOCAL
519	Durham vs Surrey, County Div 1	Riverside Ground, Chester-le-Street	54.852089	-1.563289	09:30 AM  GMT  / 10:30 AM LOCAL
520	Lancashire vs Middlesex, County Div 1	Old Trafford, Manchester	53.46165999999999	-2.271707	09:30 AM  GMT  / 10:30 AM LOCAL
521	Yorkshire vs Somerset, County Div 1	Headingley, Leeds	53.8215574	-1.5757947	09:30 AM  GMT  / 10:30 AM LOCAL
522	Derbyshire vs Leicestershire, County Div 2	County Ground, Derby	41.3294796	-73.0793568	09:30 AM  GMT  / 10:30 AM LOCAL
523	Essex vs Glamorgan, County Div 2	County Ground, Chelmsford	51.7355868	0.4685497	09:30 AM  GMT  / 10:30 AM LOCAL
524	Northamptonshire vs Gloucestershire, County Div 2	County Ground, Northampton	52.249508	-0.8702200000000001	09:30 AM  GMT  / 10:30 AM LOCAL
525	Sussex vs Worcestershire, County Div 2	County Ground, Hove	50.8279319	-0.168749	09:30 AM  GMT  / 10:30 AM LOCAL
526	TBC vs TBC, Final	Lord's, London	51.5289171	-0.1748869	12:00 AM  GMT  / 01:00 AM LOCAL
527	Hampshire vs Durham, County Div 1	The Rose Bowl, Southampton	50.90970040000001	-1.4043509	09:30 AM  GMT  / 10:30 AM LOCAL
528	Middlesex vs Yorkshire, County Div 1	Lord's, London	51.5289171	-0.1748869	09:30 AM  GMT  / 10:30 AM LOCAL
529	Somerset vs Nottinghamshire, County Div 1	County Ground, Taunton	51.015344	-3.106849	09:30 AM  GMT  / 10:30 AM LOCAL
530	Warwickshire vs Lancashire, County Div 1	Edgbaston, Birmingham	52.4608009	-1.914995	09:30 AM  GMT  / 10:30 AM LOCAL
531	Gloucestershire vs Sussex, County Div 2	County Ground, Bristol	42.0313267	-71.2588834	09:30 AM  GMT  / 10:30 AM LOCAL
532	Kent vs Essex, County Div 2	St Lawrence Ground, Canterbury	51.280233	1.0789089	09:30 AM  GMT  / 10:30 AM LOCAL
533	Leicestershire vs Glamorgan, County Div 2	Grace Road, Leicester	52.5388793	-1.2764178	09:30 AM  GMT  / 10:30 AM LOCAL
534	Worcestershire vs Derbyshire, County Div 2	New Road, Worcester	52.1895713	-2.2282996	09:30 AM  GMT  / 10:30 AM LOCAL
535	Hampshire vs Durham, County Div 1	The Rose Bowl, Southampton	50.90970040000001	-1.4043509	09:30 AM  GMT  / 10:30 AM LOCAL
536	Middlesex vs Yorkshire, County Div 1	Lord's, London	51.5289171	-0.1748869	09:30 AM  GMT  / 10:30 AM LOCAL
537	Somerset vs Nottinghamshire, County Div 1	County Ground, Taunton	51.015344	-3.106849	09:30 AM  GMT  / 10:30 AM LOCAL
538	Warwickshire vs Lancashire, County Div 1	Edgbaston, Birmingham	52.4608009	-1.914995	09:30 AM  GMT  / 10:30 AM LOCAL
539	Gloucestershire vs Sussex, County Div 2	County Ground, Bristol	42.0313267	-71.2588834	09:30 AM  GMT  / 10:30 AM LOCAL
540	Kent vs Essex, County Div 2	St Lawrence Ground, Canterbury	51.280233	1.0789089	09:30 AM  GMT  / 10:30 AM LOCAL
541	Leicestershire vs Glamorgan, County Div 2	Grace Road, Leicester	52.5388793	-1.2764178	09:30 AM  GMT  / 10:30 AM LOCAL
542	Worcestershire vs Derbyshire, County Div 2	New Road, Worcester	52.1895713	-2.2282996	09:30 AM  GMT  / 10:30 AM LOCAL
543	Hampshire vs Durham, County Div 1	The Rose Bowl, Southampton	50.90970040000001	-1.4043509	09:30 AM  GMT  / 10:30 AM LOCAL
544	Middlesex vs Yorkshire, County Div 1	Lord's, London	51.5289171	-0.1748869	09:30 AM  GMT  / 10:30 AM LOCAL
545	Somerset vs Nottinghamshire, County Div 1	County Ground, Taunton	51.015344	-3.106849	09:30 AM  GMT  / 10:30 AM LOCAL
546	Warwickshire vs Lancashire, County Div 1	Edgbaston, Birmingham	52.4608009	-1.914995	09:30 AM  GMT  / 10:30 AM LOCAL
547	Gloucestershire vs Sussex, County Div 2	County Ground, Bristol	42.0313267	-71.2588834	09:30 AM  GMT  / 10:30 AM LOCAL
548	Kent vs Essex, County Div 2	St Lawrence Ground, Canterbury	51.280233	1.0789089	09:30 AM  GMT  / 10:30 AM LOCAL
549	Leicestershire vs Glamorgan, County Div 2	Grace Road, Leicester	52.5388793	-1.2764178	09:30 AM  GMT  / 10:30 AM LOCAL
550	Worcestershire vs Derbyshire, County Div 2	New Road, Worcester	52.1895713	-2.2282996	09:30 AM  GMT  / 10:30 AM LOCAL
551	Hampshire vs Durham, County Div 1	The Rose Bowl, Southampton	50.90970040000001	-1.4043509	09:30 AM  GMT  / 10:30 AM LOCAL
552	Middlesex vs Yorkshire, County Div 1	Lord's, London	51.5289171	-0.1748869	09:30 AM  GMT  / 10:30 AM LOCAL
553	Somerset vs Nottinghamshire, County Div 1	County Ground, Taunton	51.015344	-3.106849	09:30 AM  GMT  / 10:30 AM LOCAL
554	Warwickshire vs Lancashire, County Div 1	Edgbaston, Birmingham	52.4608009	-1.914995	09:30 AM  GMT  / 10:30 AM LOCAL
555	Gloucestershire vs Sussex, County Div 2	County Ground, Bristol	42.0313267	-71.2588834	09:30 AM  GMT  / 10:30 AM LOCAL
556	Kent vs Essex, County Div 2	St Lawrence Ground, Canterbury	51.280233	1.0789089	09:30 AM  GMT  / 10:30 AM LOCAL
557	Leicestershire vs Glamorgan, County Div 2	Grace Road, Leicester	52.5388793	-1.2764178	09:30 AM  GMT  / 10:30 AM LOCAL
558	Worcestershire vs Derbyshire, County Div 2	New Road, Worcester	52.1895713	-2.2282996	09:30 AM  GMT  / 10:30 AM LOCAL
559	Lions vs Cobras, 1st Match	New Wanderers Stadium, Johannesburg	-26.2041028	28.0473051	08:00 AM  GMT  / 10:00 AM LOCAL
560	Titans vs Knights, 2nd Match	SuperSport Park, Centurion	-25.864029	28.0888578	08:00 AM  GMT  / 10:00 AM LOCAL
561	Warriors vs Dolphins, 3rd Match	Buffalo Park, East London	-33.0074906	27.9174813	08:00 AM  GMT  / 10:00 AM LOCAL
562	Lions vs Cobras, 1st Match	New Wanderers Stadium, Johannesburg	-26.2041028	28.0473051	08:00 AM  GMT  / 10:00 AM LOCAL
563	Titans vs Knights, 2nd Match	SuperSport Park, Centurion	-25.864029	28.0888578	08:00 AM  GMT  / 10:00 AM LOCAL
564	Warriors vs Dolphins, 3rd Match	Buffalo Park, East London	-33.0074906	27.9174813	08:00 AM  GMT  / 10:00 AM LOCAL
565	Lions vs Cobras, 1st Match	New Wanderers Stadium, Johannesburg	-26.2041028	28.0473051	08:00 AM  GMT  / 10:00 AM LOCAL
566	Titans vs Knights, 2nd Match	SuperSport Park, Centurion	-25.864029	28.0888578	08:00 AM  GMT  / 10:00 AM LOCAL
567	Warriors vs Dolphins, 3rd Match	Buffalo Park, East London	-33.0074906	27.9174813	08:00 AM  GMT  / 10:00 AM LOCAL
568	Lions vs Cobras, 1st Match	New Wanderers Stadium, Johannesburg	-26.2041028	28.0473051	08:00 AM  GMT  / 10:00 AM LOCAL
569	Titans vs Knights, 2nd Match	SuperSport Park, Centurion	-25.864029	28.0888578	08:00 AM  GMT  / 10:00 AM LOCAL
570	Warriors vs Dolphins, 3rd Match	Buffalo Park, East London	-33.0074906	27.9174813	08:00 AM  GMT  / 10:00 AM LOCAL
571	Dolphins vs Lions, 4th Match	City Oval, Pietermaritzburg	-29.6006068	30.3794118	07:00 AM  GMT  / 09:00 AM LOCAL
572	Knights vs Cobras, 5th Match	Mangaung Oval, Bloemfontein	-29.085214	26.1595761	08:00 AM  GMT  / 10:00 AM LOCAL
573	Warriors vs Titans, 6th Match	St George's Park, Port Elizabeth	-33.8252617	25.6544677	08:00 AM  GMT  / 10:00 AM LOCAL
574	Dolphins vs Lions, 4th Match	City Oval, Pietermaritzburg	-29.6006068	30.3794118	07:00 AM  GMT  / 09:00 AM LOCAL
575	Knights vs Cobras, 5th Match	Mangaung Oval, Bloemfontein	-29.085214	26.1595761	08:00 AM  GMT  / 10:00 AM LOCAL
576	Warriors vs Titans, 6th Match	St George's Park, Port Elizabeth	-33.8252617	25.6544677	08:00 AM  GMT  / 10:00 AM LOCAL
577	Dolphins vs Lions, 4th Match	City Oval, Pietermaritzburg	-29.6006068	30.3794118	07:00 AM  GMT  / 09:00 AM LOCAL
578	Knights vs Cobras, 5th Match	Mangaung Oval, Bloemfontein	-29.085214	26.1595761	08:00 AM  GMT  / 10:00 AM LOCAL
579	Warriors vs Titans, 6th Match	St George's Park, Port Elizabeth	-33.8252617	25.6544677	08:00 AM  GMT  / 10:00 AM LOCAL
580	Dolphins vs Lions, 4th Match	City Oval, Pietermaritzburg	-29.6006068	30.3794118	07:00 AM  GMT  / 09:00 AM LOCAL
581	Knights vs Cobras, 5th Match	Mangaung Oval, Bloemfontein	-29.085214	26.1595761	08:00 AM  GMT  / 10:00 AM LOCAL
582	Warriors vs Titans, 6th Match	St George's Park, Port Elizabeth	-33.8252617	25.6544677	08:00 AM  GMT  / 10:00 AM LOCAL
583	Papua New Guinea vs Namibia, 16th Match	Amini Park, Port Moresby	-9.443800399999999	147.1802671	12:00 AM  GMT  / 10:00 AM LOCAL
584	Papua New Guinea vs Namibia, 16th Match	Amini Park, Port Moresby	-9.443800399999999	147.1802671	12:00 AM  GMT  / 10:00 AM LOCAL
585	Papua New Guinea vs Namibia, 16th Match	Amini Park, Port Moresby	-9.443800399999999	147.1802671	12:00 AM  GMT  / 10:00 AM LOCAL
586	Papua New Guinea vs Namibia, 16th Match	Amini Park, Port Moresby	-9.443800399999999	147.1802671	12:00 AM  GMT  / 10:00 AM LOCAL
587	Dolphins vs Titans, 7th Match	Kingsmead, Durban	-29.8480046	31.0284445	07:00 AM  GMT  / 09:00 AM LOCAL
588	Cobras vs Warriors, 8th Match	Newlands, Cape Town	-33.9789129	18.4483763	08:00 AM  GMT  / 10:00 AM LOCAL
589	Knights vs Lions, 9th Match	Diamond Oval, Kimberley	49.679984	-115.983672	08:00 AM  GMT  / 10:00 AM LOCAL
590	Dolphins vs Titans, 7th Match	Kingsmead, Durban	-29.8480046	31.0284445	07:00 AM  GMT  / 09:00 AM LOCAL
591	Cobras vs Warriors, 8th Match	Newlands, Cape Town	-33.9789129	18.4483763	08:00 AM  GMT  / 10:00 AM LOCAL
592	Knights vs Lions, 9th Match	Diamond Oval, Kimberley	49.679984	-115.983672	08:00 AM  GMT  / 10:00 AM LOCAL
593	Dolphins vs Titans, 7th Match	Kingsmead, Durban	-29.8480046	31.0284445	07:00 AM  GMT  / 09:00 AM LOCAL
594	Cobras vs Warriors, 8th Match	Newlands, Cape Town	-33.9789129	18.4483763	08:00 AM  GMT  / 10:00 AM LOCAL
595	Knights vs Lions, 9th Match	Diamond Oval, Kimberley	49.679984	-115.983672	08:00 AM  GMT  / 10:00 AM LOCAL
596	Papua New Guinea vs Namibia, 29th Match	Amini Park, Port Moresby	-9.443800399999999	147.1802671	12:00 AM  GMT  / 10:00 AM LOCAL
597	Dolphins vs Titans, 7th Match	Kingsmead, Durban	-29.8480046	31.0284445	07:00 AM  GMT  / 09:00 AM LOCAL
598	Cobras vs Warriors, 8th Match	Newlands, Cape Town	-33.9789129	18.4483763	08:00 AM  GMT  / 10:00 AM LOCAL
599	Knights vs Lions, 9th Match	Diamond Oval, Kimberley	49.679984	-115.983672	08:00 AM  GMT  / 10:00 AM LOCAL
600	Papua New Guinea vs Namibia, 30th Match	Amini Park, Port Moresby	-9.443800399999999	147.1802671	12:00 AM  GMT  / 10:00 AM LOCAL
601	Kenya vs Hong Kong, 31st Match	TBC, TBC	36.0845812	-111.3797378	12:00 AM  GMT  / 05:30 AM LOCAL
602	Kenya vs Hong Kong, 32nd Match	TBC, TBC	36.0845812	-111.3797378	12:00 AM  GMT  / 05:30 AM LOCAL
603	Dolphins vs Knights, 10th Match	Kingsmead, Durban	-29.8480046	31.0284445	07:00 AM  GMT  / 09:00 AM LOCAL
604	Cobras vs Titans, 11th Match	Newlands, Cape Town	-33.9789129	18.4483763	08:00 AM  GMT  / 10:00 AM LOCAL
605	Lions vs Warriors, 12th Match	Senwes Park, Potchefstroom	-26.7145297	27.0970475	08:00 AM  GMT  / 10:00 AM LOCAL
606	Dolphins vs Knights, 10th Match	Kingsmead, Durban	-29.8480046	31.0284445	07:00 AM  GMT  / 09:00 AM LOCAL
607	Cobras vs Titans, 11th Match	Newlands, Cape Town	-33.9789129	18.4483763	08:00 AM  GMT  / 10:00 AM LOCAL
608	Lions vs Warriors, 12th Match	Senwes Park, Potchefstroom	-26.7145297	27.0970475	08:00 AM  GMT  / 10:00 AM LOCAL
609	Dolphins vs Knights, 10th Match	Kingsmead, Durban	-29.8480046	31.0284445	07:00 AM  GMT  / 09:00 AM LOCAL
610	Cobras vs Titans, 11th Match	Newlands, Cape Town	-33.9789129	18.4483763	08:00 AM  GMT  / 10:00 AM LOCAL
611	Lions vs Warriors, 12th Match	Senwes Park, Potchefstroom	-26.7145297	27.0970475	08:00 AM  GMT  / 10:00 AM LOCAL
612	Dolphins vs Knights, 10th Match	Kingsmead, Durban	-29.8480046	31.0284445	07:00 AM  GMT  / 09:00 AM LOCAL
613	Cobras vs Titans, 11th Match	Newlands, Cape Town	-33.9789129	18.4483763	08:00 AM  GMT  / 10:00 AM LOCAL
614	Lions vs Warriors, 12th Match	Senwes Park, Potchefstroom	-26.7145297	27.0970475	08:00 AM  GMT  / 10:00 AM LOCAL
615	South African Invitation XI vs Sri Lanka, 3-day practice match	Senwes Park, Potchefstroom	-26.7145297	27.0970475	08:00 AM  GMT  / 10:00 AM LOCAL
616	South African Invitation XI vs Sri Lanka, 3-day practice match	Senwes Park, Potchefstroom	-26.7145297	27.0970475	08:00 AM  GMT  / 10:00 AM LOCAL
617	South African Invitation XI vs Sri Lanka, 3-day practice match	Senwes Park, Potchefstroom	-26.7145297	27.0970475	08:00 AM  GMT  / 10:00 AM LOCAL
618	Cobras vs Dolphins, 13th Match	Boland Park, Paarl	-33.7143719	18.9810746	08:00 AM  GMT  / 10:00 AM LOCAL
619	Knights vs Warriors, 14th Match	Mangaung Oval, Bloemfontein	-29.085214	26.1595761	08:00 AM  GMT  / 10:00 AM LOCAL
620	Lions vs Titans, 15th Match	New Wanderers Stadium, Johannesburg	-26.2041028	28.0473051	08:00 AM  GMT  / 10:00 AM LOCAL
621	Cobras vs Dolphins, 13th Match	Boland Park, Paarl	-33.7143719	18.9810746	08:00 AM  GMT  / 10:00 AM LOCAL
622	Knights vs Warriors, 14th Match	Mangaung Oval, Bloemfontein	-29.085214	26.1595761	08:00 AM  GMT  / 10:00 AM LOCAL
623	Lions vs Titans, 15th Match	New Wanderers Stadium, Johannesburg	-26.2041028	28.0473051	08:00 AM  GMT  / 10:00 AM LOCAL
624	Cobras vs Dolphins, 13th Match	Boland Park, Paarl	-33.7143719	18.9810746	08:00 AM  GMT  / 10:00 AM LOCAL
625	Knights vs Warriors, 14th Match	Mangaung Oval, Bloemfontein	-29.085214	26.1595761	08:00 AM  GMT  / 10:00 AM LOCAL
626	Lions vs Titans, 15th Match	New Wanderers Stadium, Johannesburg	-26.2041028	28.0473051	08:00 AM  GMT  / 10:00 AM LOCAL
627	Cobras vs Dolphins, 13th Match	Boland Park, Paarl	-33.7143719	18.9810746	08:00 AM  GMT  / 10:00 AM LOCAL
628	Knights vs Warriors, 14th Match	Mangaung Oval, Bloemfontein	-29.085214	26.1595761	08:00 AM  GMT  / 10:00 AM LOCAL
629	Lions vs Titans, 15th Match	New Wanderers Stadium, Johannesburg	-26.2041028	28.0473051	08:00 AM  GMT  / 10:00 AM LOCAL
630	Dolphins vs Warriors, 16th Match	Kingsmead, Durban	-29.8480046	31.0284445	07:00 AM  GMT  / 09:00 AM LOCAL
631	Cobras vs Lions, 17th Match	Boland Park, Paarl	-33.7143719	18.9810746	08:00 AM  GMT  / 10:00 AM LOCAL
632	Knights vs Titans, 18th Match	Diamond Oval, Kimberley	49.679984	-115.983672	08:00 AM  GMT  / 10:00 AM LOCAL
633	Dolphins vs Warriors, 16th Match	Kingsmead, Durban	-29.8480046	31.0284445	07:00 AM  GMT  / 09:00 AM LOCAL
634	Cobras vs Lions, 17th Match	Boland Park, Paarl	-33.7143719	18.9810746	08:00 AM  GMT  / 10:00 AM LOCAL
635	Knights vs Titans, 18th Match	Diamond Oval, Kimberley	49.679984	-115.983672	08:00 AM  GMT  / 10:00 AM LOCAL
636	Dolphins vs Warriors, 16th Match	Kingsmead, Durban	-29.8480046	31.0284445	07:00 AM  GMT  / 09:00 AM LOCAL
637	Cobras vs Lions, 17th Match	Boland Park, Paarl	-33.7143719	18.9810746	08:00 AM  GMT  / 10:00 AM LOCAL
638	Knights vs Titans, 18th Match	Diamond Oval, Kimberley	49.679984	-115.983672	08:00 AM  GMT  / 10:00 AM LOCAL
639	Dolphins vs Warriors, 16th Match	Kingsmead, Durban	-29.8480046	31.0284445	07:00 AM  GMT  / 09:00 AM LOCAL
640	Cobras vs Lions, 17th Match	Boland Park, Paarl	-33.7143719	18.9810746	08:00 AM  GMT  / 10:00 AM LOCAL
641	Knights vs Titans, 18th Match	Diamond Oval, Kimberley	49.679984	-115.983672	08:00 AM  GMT  / 10:00 AM LOCAL
642	Knights vs Dolphins, 19th Match	Mangaung Oval, Bloemfontein	-29.085214	26.1595761	08:00 AM  GMT  / 10:00 AM LOCAL
643	Titans vs Lions, 20th Match	Willowmoore Park, Benoni	-26.1510854	28.3695699	08:00 AM  GMT  / 10:00 AM LOCAL
644	Warriors vs Cobras, 21st Match	St George's Park, Port Elizabeth	-33.8252617	25.6544677	08:00 AM  GMT  / 10:00 AM LOCAL
645	Knights vs Dolphins, 19th Match	Mangaung Oval, Bloemfontein	-29.085214	26.1595761	08:00 AM  GMT  / 10:00 AM LOCAL
646	Titans vs Lions, 20th Match	Willowmoore Park, Benoni	-26.1510854	28.3695699	08:00 AM  GMT  / 10:00 AM LOCAL
647	Warriors vs Cobras, 21st Match	St George's Park, Port Elizabeth	-33.8252617	25.6544677	08:00 AM  GMT  / 10:00 AM LOCAL
648	Knights vs Dolphins, 19th Match	Mangaung Oval, Bloemfontein	-29.085214	26.1595761	08:00 AM  GMT  / 10:00 AM LOCAL
649	Titans vs Lions, 20th Match	Willowmoore Park, Benoni	-26.1510854	28.3695699	08:00 AM  GMT  / 10:00 AM LOCAL
650	Warriors vs Cobras, 21st Match	St George's Park, Port Elizabeth	-33.8252617	25.6544677	08:00 AM  GMT  / 10:00 AM LOCAL
651	Knights vs Dolphins, 19th Match	Mangaung Oval, Bloemfontein	-29.085214	26.1595761	08:00 AM  GMT  / 10:00 AM LOCAL
652	Titans vs Lions, 20th Match	Willowmoore Park, Benoni	-26.1510854	28.3695699	08:00 AM  GMT  / 10:00 AM LOCAL
653	Warriors vs Cobras, 21st Match	St George's Park, Port Elizabeth	-33.8252617	25.6544677	08:00 AM  GMT  / 10:00 AM LOCAL
654	Lions vs Dolphins, 22nd Match	Senwes Park, Potchefstroom	-26.7145297	27.0970475	08:00 AM  GMT  / 10:00 AM LOCAL
655	Titans vs Cobras, 23rd Match	SuperSport Park, Centurion	-25.864029	28.0888578	08:00 AM  GMT  / 10:00 AM LOCAL
656	Warriors vs Knights, 24th Match	Buffalo Park, East London	-33.0074906	27.9174813	08:00 AM  GMT  / 10:00 AM LOCAL
657	Lions vs Dolphins, 22nd Match	Senwes Park, Potchefstroom	-26.7145297	27.0970475	08:00 AM  GMT  / 10:00 AM LOCAL
658	Titans vs Cobras, 23rd Match	SuperSport Park, Centurion	-25.864029	28.0888578	08:00 AM  GMT  / 10:00 AM LOCAL
659	Warriors vs Knights, 24th Match	Buffalo Park, East London	-33.0074906	27.9174813	08:00 AM  GMT  / 10:00 AM LOCAL
660	Lions vs Dolphins, 22nd Match	Senwes Park, Potchefstroom	-26.7145297	27.0970475	08:00 AM  GMT  / 10:00 AM LOCAL
661	Titans vs Cobras, 23rd Match	SuperSport Park, Centurion	-25.864029	28.0888578	08:00 AM  GMT  / 10:00 AM LOCAL
662	Warriors vs Knights, 24th Match	Buffalo Park, East London	-33.0074906	27.9174813	08:00 AM  GMT  / 10:00 AM LOCAL
663	Lions vs Dolphins, 22nd Match	Senwes Park, Potchefstroom	-26.7145297	27.0970475	08:00 AM  GMT  / 10:00 AM LOCAL
664	Titans vs Cobras, 23rd Match	SuperSport Park, Centurion	-25.864029	28.0888578	08:00 AM  GMT  / 10:00 AM LOCAL
665	Warriors vs Knights, 24th Match	Buffalo Park, East London	-33.0074906	27.9174813	08:00 AM  GMT  / 10:00 AM LOCAL
666	Nottinghamshire vs Durham, North Group	Trent Bridge, Nottingham	52.937772	-1.1313849	05:30 PM  GMT  / 06:30 PM LOCAL
667	Warwickshire vs Northamptonshire, North Group	Edgbaston, Birmingham	52.4608009	-1.914995	06:00 PM  GMT  / 07:00 PM LOCAL
668	Worcestershire vs Derbyshire, North Group	New Road, Worcester	52.1895713	-2.2282996	04:30 PM  GMT  / 05:30 PM LOCAL
669	Yorkshire vs Lancashire, North Group	Headingley, Leeds	53.8215574	-1.5757947	05:30 PM  GMT  / 06:30 PM LOCAL
670	Essex vs Kent, South Group	County Ground, Chelmsford	51.7355868	0.4685497	06:00 PM  GMT  / 07:00 PM LOCAL
671	Somerset vs Gloucestershire, South Group	County Ground, Taunton	51.015344	-3.106849	04:30 PM  GMT  / 05:30 PM LOCAL
672	Sussex vs Middlesex, South Group	County Ground, Hove	50.8279319	-0.168749	06:00 PM  GMT  / 07:00 PM LOCAL
673	St Kitts and Nevis Patriots vs Jamaica Tallawahs, 2nd Match	Warner Park, Basseterre, St Kitts	17.3215255	-62.7037321	04:00 PM  GMT  / 12:00 PM LOCAL
674	Derbyshire vs Northamptonshire, North Group	Queen's Park, Chesterfield	53.2330136	-1.4339213	01:30 PM  GMT  / 02:30 PM LOCAL
675	St Kitts and Nevis Patriots vs St Lucia Zouks, 3rd Match	Warner Park, Basseterre, St Kitts	17.3215255	-62.7037321	08:00 PM  GMT  / 04:00 PM LOCAL
676	St Kitts and Nevis Patriots vs Barbados, 4th Match	Warner Park, Basseterre, St Kitts	17.3215255	-62.7037321	11:00 PM  GMT  / 07:00 PM LOCAL
677	Gloucestershire vs Surrey, South Group	County Ground, Bristol	42.0313267	-71.2588834	05:30 PM  GMT  / 06:30 PM LOCAL
678	Glamorgan vs Sussex, South Group	Sophia Gardens, Cardiff	51.484295	-3.1895088	05:30 PM  GMT  / 06:30 PM LOCAL
679	Somerset vs Kent, South Group	County Ground, Taunton	51.015344	-3.106849	04:30 PM  GMT  / 05:30 PM LOCAL
680	Guyana Amazon Warriors vs Jamaica Tallawahs, 5th Match	Providence Stadium, Guyana	4.860416	-58.93018	11:00 PM  GMT  / 07:00 PM LOCAL
681	Leicestershire vs Derbyshire, North Group	Grace Road, Leicester	52.5388793	-1.2764178	05:30 PM  GMT  / 06:30 PM LOCAL
682	Northamptonshire vs Nottinghamshire, North Group	County Ground, Northampton	52.249508	-0.8702200000000001	05:30 PM  GMT  / 06:30 PM LOCAL
683	Worcestershire vs Lancashire, North Group	New Road, Worcester	52.1895713	-2.2282996	04:30 PM  GMT  / 05:30 PM LOCAL
684	Yorkshire vs Warwickshire, North Group	Headingley, Leeds	53.8215574	-1.5757947	06:00 PM  GMT  / 07:00 PM LOCAL
685	Gloucestershire vs Kent, South Group	County Ground, Bristol	42.0313267	-71.2588834	05:30 PM  GMT  / 06:30 PM LOCAL
686	Hampshire vs Essex, South Group	The Rose Bowl, Southampton	50.90970040000001	-1.4043509	06:00 PM  GMT  / 07:00 PM LOCAL
687	Middlesex vs Glamorgan, South Group	Old Deer Park, Richmond 	51.4691552	-0.2961593	04:30 PM  GMT  / 05:30 PM LOCAL
688	Surrey vs Somerset, South Group	Kennington Oval, London	51.4843686	-0.1139201	05:30 PM  GMT  / 06:30 PM LOCAL
689	Nottinghamshire vs Worcestershire, North Group	Trent Bridge, Nottingham	52.937772	-1.1313849	01:30 PM  GMT  / 02:30 PM LOCAL
690	Guyana Amazon Warriors vs St Kitts and Nevis Patriots, 6th Match	Providence Stadium, Guyana	4.860416	-58.93018	04:00 PM  GMT  / 12:00 PM LOCAL
691	Derbyshire vs Yorkshire, South Group	Queen's Park, Chesterfield	53.2330136	-1.4339213	01:30 PM  GMT  / 02:30 PM LOCAL
692	Durham vs Leicestershire, South Group	Riverside Ground, Chester-le-Street	54.852089	-1.563289	01:30 PM  GMT  / 02:30 PM LOCAL
693	Glamorgan vs Gloucestershire, South Group	Sophia Gardens, Cardiff	51.484295	-3.1895088	01:30 PM  GMT  / 02:30 PM LOCAL
694	Guyana Amazon Warriors vs Trinbago Knight Riders, 7th Match	Providence Stadium, Guyana	4.860416	-58.93018	11:00 PM  GMT  / 07:00 PM LOCAL
695	Barbados vs Jamaica Tallawahs, 8th Match	Kensington Oval, Bridgetown, Barbados	13.1057481	-59.6227946	11:59 PM  GMT  / 07:59 PM LOCAL
696	Leicestershire vs Nottinghamshire, North Group	Grace Road, Leicester	52.5388793	-1.2764178	05:30 PM  GMT  / 06:30 PM LOCAL
697	Guyana Amazon Warriors vs St Lucia Zouks, 9th Match	Providence Stadium, Guyana	4.860416	-58.93018	11:00 PM  GMT  / 07:00 PM LOCAL
698	Derbyshire vs Lancashire, North Group	County Ground, Derby	41.3294796	-73.0793568	05:30 PM  GMT  / 06:30 PM LOCAL
699	Barbados vs St Kitts and Nevis Patriots, 10th Match	Kensington Oval, Bridgetown, Barbados	13.1057481	-59.6227946	11:59 PM  GMT  / 07:59 PM LOCAL
700	Hampshire vs Glamorgan, South Group	The Rose Bowl, Southampton	50.90970040000001	-1.4043509	06:00 PM  GMT  / 07:00 PM LOCAL
701	Jamaica Tallawahs vs Guyana Amazon Warriors, 11th Match	Sabina Park, Kingston, Jamaica	17.9779338	-76.78252169999999	01:00 AM  GMT  / 08:00 PM LOCAL
702	Durham vs Northamptonshire, North Group	Riverside Ground, Chester-le-Street	54.852089	-1.563289	05:30 PM  GMT  / 06:30 PM LOCAL
703	Leicestershire vs Lancashire, North Group	Grace Road, Leicester	52.5388793	-1.2764178	05:30 PM  GMT  / 06:30 PM LOCAL
704	Nottinghamshire vs Yorkshire, North Group	Trent Bridge, Nottingham	52.937772	-1.1313849	05:30 PM  GMT  / 06:30 PM LOCAL
705	Worcestershire vs Warwickshire, North Group	New Road, Worcester	52.1895713	-2.2282996	04:30 PM  GMT  / 05:30 PM LOCAL
706	Kent vs Surrey, South Group	Nevill Ground, Tunbridge Wells	51.132377	0.263695	04:30 PM  GMT  / 05:30 PM LOCAL
707	Somerset vs Middlesex, South Group	County Ground, Taunton	51.015344	-3.106849	04:30 PM  GMT  / 05:30 PM LOCAL
708	Sussex vs Hampshire, South Group	County Ground, Hove	50.8279319	-0.168749	05:30 PM  GMT  / 06:30 PM LOCAL
709	Barbados vs Trinbago Knight Riders, 12th Match	Kensington Oval, Bridgetown, Barbados	13.1057481	-59.6227946	04:00 PM  GMT  / 12:00 PM LOCAL
710	Jamaica Tallawahs vs St Kitts and Nevis Patriots, 13th Match	Sabina Park, Kingston, Jamaica	17.9779338	-76.78252169999999	11:00 PM  GMT  / 06:00 PM LOCAL
711	Warwickshire vs Leicestershire, North Group	Edgbaston, Birmingham	52.4608009	-1.914995	01:30 PM  GMT  / 02:30 PM LOCAL
712	Gloucestershire vs Essex, South Group	College Ground, Cheltenham	51.8993855	-2.0782533	01:30 PM  GMT  / 02:30 PM LOCAL
713	Barbados vs St Lucia Zouks, 14th Match	Kensington Oval, Bridgetown, Barbados	13.1057481	-59.6227946	11:00 PM  GMT  / 07:00 PM LOCAL
714	Jamaica Tallawahs vs Trinbago Knight Riders, 15th Match	Sabina Park, Kingston, Jamaica	17.9779338	-76.78252169999999	01:00 AM  GMT  / 08:00 PM LOCAL
715	Northamptonshire vs Warwickshire, North Group	County Ground, Northampton	52.249508	-0.8702200000000001	05:30 PM  GMT  / 06:30 PM LOCAL
716	Yorkshire vs Durham, North Group	Headingley, Leeds	53.8215574	-1.5757947	05:30 PM  GMT  / 06:30 PM LOCAL
717	Jamaica Tallawahs vs Barbados, 16th Match	Sabina Park, Kingston, Jamaica	17.9779338	-76.78252169999999	01:00 AM  GMT  (Jul 21)  / 08:00 PM LOCAL
718	Essex vs Sussex, South Group	County Ground, Chelmsford	51.7355868	0.4685497	06:00 PM  GMT  / 07:00 PM LOCAL
719	Middlesex vs Surrey, South Group	Lord's, London	51.5289171	-0.1748869	05:15 PM  GMT  / 06:15 PM LOCAL
720	St Lucia Zouks vs St Kitts and Nevis Patriots, 17th Match	Darren Sammy National Cricket Stadium, Gros Islet, St Lucia	14.0843578	-60.9452794	10:00 PM  GMT  / 06:00 PM LOCAL
721	Derbyshire vs Worcestershire, North Group	County Ground, Derby	41.3294796	-73.0793568	06:00 PM  GMT  / 07:00 PM LOCAL
722	Durham vs Lancashire, North Group	Riverside Ground, Chester-le-Street	54.852089	-1.563289	05:30 PM  GMT  / 06:30 PM LOCAL
723	Warwickshire vs Nottinghamshire, North Group	Edgbaston, Birmingham	52.4608009	-1.914995	06:00 PM  GMT  / 07:00 PM LOCAL
724	Yorkshire vs Northamptonshire, North Group	Headingley, Leeds	53.8215574	-1.5757947	06:00 PM  GMT  / 07:00 PM LOCAL
725	Glamorgan vs Somerset, South Group	Sophia Gardens, Cardiff	51.484295	-3.1895088	05:30 PM  GMT  / 06:30 PM LOCAL
726	Hampshire vs Middlesex, South Group	The Rose Bowl, Southampton	50.90970040000001	-1.4043509	06:00 PM  GMT  / 07:00 PM LOCAL
727	Kent vs Essex, South Group	St Lawrence Ground, Canterbury	51.280233	1.0789089	06:00 PM  GMT  / 07:00 PM LOCAL
728	Surrey vs Sussex, South Group	Kennington Oval, London	51.4843686	-0.1139201	05:30 PM  GMT  / 06:30 PM LOCAL
729	St Lucia Zouks vs Barbados, 18th Match	Darren Sammy National Cricket Stadium, Gros Islet, St Lucia	14.0843578	-60.9452794	04:00 PM  GMT  / 12:00 PM LOCAL
730	St Lucia Zouks vs Guyana Amazon Warriors, 19th Match	Darren Sammy National Cricket Stadium, Gros Islet, St Lucia	14.0843578	-60.9452794	09:00 PM  GMT  / 05:00 PM LOCAL
731	St Lucia Zouks vs Trinbago Knight Riders, 20th Match	Darren Sammy National Cricket Stadium, Gros Islet, St Lucia	14.0843578	-60.9452794	10:00 PM  GMT  / 06:00 PM LOCAL
732	Middlesex vs Essex, South Group	Lord's, London	51.5289171	-0.1748869	05:15 PM  GMT  / 06:15 PM LOCAL
733	Sussex vs Glamorgan, South Group	County Ground, Hove	50.8279319	-0.168749	05:30 PM  GMT  / 06:30 PM LOCAL
734	Barbados vs Guyana Amazon Warriors, 21st Match	Central Broward Regional Park Stadium Turf Ground, Lauderhill, Florida	26.1403635	-80.2133808	11:00 PM  GMT  / 07:00 PM LOCAL
735	Durham vs Derbyshire, North Group	Riverside Ground, Chester-le-Street	54.852089	-1.563289	05:30 PM  GMT  / 06:30 PM LOCAL
736	Lancashire vs Warwickshire, North Group	Old Trafford, Manchester	53.46165999999999	-2.271707	05:30 PM  GMT  / 06:30 PM LOCAL
737	Northamptonshire vs Yorkshire, North Group	County Ground, Northampton	52.249508	-0.8702200000000001	05:30 PM  GMT  / 06:30 PM LOCAL
738	Nottinghamshire vs Leicestershire, North Group	Trent Bridge, Nottingham	52.937772	-1.1313849	05:30 PM  GMT  / 06:30 PM LOCAL
739	Essex vs Glamorgan, South Group	County Ground, Chelmsford	51.7355868	0.4685497	05:30 PM  GMT  / 06:30 PM LOCAL
740	Gloucestershire vs Middlesex, South Group	County Ground, Bristol	42.0313267	-71.2588834	05:30 PM  GMT  / 06:30 PM LOCAL
741	Hampshire vs Somerset, South Group	The Rose Bowl, Southampton	50.90970040000001	-1.4043509	05:30 PM  GMT  / 06:30 PM LOCAL
742	Surrey vs Kent, South Group	Kennington Oval, London	51.4843686	-0.1139201	05:30 PM  GMT  / 06:30 PM LOCAL
743	St Kitts and Nevis Patriots vs Trinbago Knight Riders, 22nd Match	Central Broward Regional Park Stadium Turf Ground, Lauderhill, Florida	26.1403635	-80.2133808	11:00 PM  GMT  / 07:00 PM LOCAL
744	Jamaica Tallawahs vs St Lucia Zouks, 23rd Match	Central Broward Regional Park Stadium Turf Ground, Lauderhill, Florida	26.1403635	-80.2133808	04:00 PM  GMT  / 12:00 PM LOCAL
745	Barbados vs Guyana Amazon Warriors, 24th Match	Central Broward Regional Park Stadium Turf Ground, Lauderhill, Florida	26.1403635	-80.2133808	08:00 PM  GMT  / 04:00 PM LOCAL
746	St Kitts and Nevis Patriots vs Trinbago Knight Riders, 25th Match	Central Broward Regional Park Stadium Turf Ground, Lauderhill, Florida	26.1403635	-80.2133808	04:00 PM  GMT  / 12:00 PM LOCAL
747	Jamaica Tallawahs vs St Lucia Zouks, 26th Match	Central Broward Regional Park Stadium Turf Ground, Lauderhill, Florida	26.1403635	-80.2133808	08:00 PM  GMT  / 04:00 PM LOCAL
748	TBC vs TBC, 1st Quarter-Final	TBC, TBC	36.0845812	-111.3797378	12:00 AM  GMT  / 05:30 AM LOCAL
749	TBC vs TBC, 2nd Quarter-Final	TBC, TBC	36.0845812	-111.3797378	12:00 AM  GMT  / 05:30 AM LOCAL
750	TBC vs TBC, 3rd Quarter-Final	TBC, TBC	36.0845812	-111.3797378	12:00 AM  GMT  / 05:30 AM LOCAL
751	TBC vs TBC, 4th Quarter-Final	TBC, TBC	36.0845812	-111.3797378	12:00 AM  GMT  / 05:30 AM LOCAL
752	TBC vs TBC, 1st Semi-Final	Edgbaston, Birmingham	52.4608009	-1.914995	10:00 AM  GMT  / 11:00 AM LOCAL
753	TBC vs TBC, 2nd Semi-Final	Edgbaston, Birmingham	52.4608009	-1.914995	01:30 PM  GMT  / 02:30 PM LOCAL
754	TBC vs TBC, Final	Edgbaston, Birmingham	52.4608009	-1.914995	05:45 PM  GMT  / 06:45 PM LOCAL
755	Dolphins vs Titans, 1st Match	New Wanderers Stadium, Johannesburg	-26.2041028	28.0473051	11:00 AM  GMT  / 01:00 PM LOCAL
756	Lions vs Warriors, 2nd Match	New Wanderers Stadium, Johannesburg	-26.2041028	28.0473051	03:00 PM  GMT  / 05:00 PM LOCAL
757	Knights vs Cobras, 3rd Match	Mangaung Oval, Bloemfontein	-29.085214	26.1595761	12:30 PM  GMT  / 02:30 PM LOCAL
758	Titans vs Knights, 4th Match	SuperSport Park, Centurion	-25.864029	28.0888578	04:00 PM  GMT  / 06:00 PM LOCAL
759	Dolphins vs Cobras, 5th Match	Kingsmead, Durban	-29.8480046	31.0284445	04:00 PM  GMT  / 06:00 PM LOCAL
760	Lions vs Knights, 6th Match	Senwes Park, Potchefstroom	-26.7145297	27.0970475	04:00 PM  GMT  / 06:00 PM LOCAL
761	Warriors vs Titans, 7th Match	Buffalo Park, East London	-33.0074906	27.9174813	04:00 PM  GMT  / 06:00 PM LOCAL
762	Cobras vs Lions, 8th Match	Boland Park, Paarl	-33.7143719	18.9810746	12:30 PM  GMT  / 02:30 PM LOCAL
763	Warriors vs Dolphins, 9th Match	St George's Park, Port Elizabeth	-33.8252617	25.6544677	12:30 PM  GMT  / 02:30 PM LOCAL
764	Lions vs Dolphins, 10th Match	New Wanderers Stadium, Johannesburg	-26.2041028	28.0473051	04:00 PM  GMT  / 06:00 PM LOCAL
765	Cobras vs Warriors, 11th Match	Newlands, Cape Town	-33.9789129	18.4483763	04:00 PM  GMT  / 06:00 PM LOCAL
766	Dolphins vs Knights, 12th Match	Kingsmead, Durban	-29.8480046	31.0284445	04:00 PM  GMT  / 06:00 PM LOCAL
767	Titans vs Lions, 13th Match	SuperSport Park, Centurion	-25.864029	28.0888578	04:00 PM  GMT  / 06:00 PM LOCAL
768	Titans vs Cobras, 14th Match	Mangaung Oval, Bloemfontein	-29.085214	26.1595761	08:00 AM  GMT  / 10:00 AM LOCAL
769	Knights vs Warriors, 15th Match	Mangaung Oval, Bloemfontein	-29.085214	26.1595761	12:30 PM  GMT  / 02:30 PM LOCAL
770	Warriors vs Lions, 16th Match	Buffalo Park, East London	-33.0074906	27.9174813	04:00 PM  GMT  / 06:00 PM LOCAL
771	Cobras vs Dolphins, 17th Match	Boland Park, Paarl	-33.7143719	18.9810746	04:00 PM  GMT  / 06:00 PM LOCAL
772	Knights vs Lions, 18th Match	Diamond Oval, Kimberley	49.679984	-115.983672	04:00 PM  GMT  / 06:00 PM LOCAL
773	Titans vs Warriors, 19th Match	SuperSport Park, Centurion	-25.864029	28.0888578	04:00 PM  GMT  / 06:00 PM LOCAL
774	Cobras vs Knights, 20th Match	Newlands, Cape Town	-33.9789129	18.4483763	12:30 PM  GMT  / 02:30 PM LOCAL
775	Titans vs Dolphins, 21st Match	Willowmoore Park, Benoni	-26.1510854	28.3695699	12:30 PM  GMT  / 02:30 PM LOCAL
776	Dolphins vs Warriors, 22nd Match	Kingsmead, Durban	-29.8480046	31.0284445	04:00 PM  GMT  / 06:00 PM LOCAL
777	Cobras vs Titans, 23rd Match	Kingsmead, Durban	-29.8480046	31.0284445	11:00 AM  GMT  / 01:00 PM LOCAL
778	Dolphins vs Lions, 24th Match	Kingsmead, Durban	-29.8480046	31.0284445	03:00 PM  GMT  / 05:00 PM LOCAL
779	Warriors vs Knights, 25th Match	St George's Park, Port Elizabeth	-33.8252617	25.6544677	12:30 PM  GMT  / 02:30 PM LOCAL
780	Warriors vs Cobras, 26th Match	St George's Park, Port Elizabeth	-33.8252617	25.6544677	04:00 PM  GMT  / 06:00 PM LOCAL
781	Knights vs Titans, 27th Match	Diamond Oval, Kimberley	49.679984	-115.983672	04:00 PM  GMT  / 06:00 PM LOCAL
782	Lions vs Cobras, 28th Match	Senwes Park, Potchefstroom	-26.7145297	27.0970475	04:00 PM  GMT  / 06:00 PM LOCAL
783	Knights vs Dolphins, 29th Match	Diamond Oval, Kimberley	49.679984	-115.983672	12:30 PM  GMT  / 02:30 PM LOCAL
784	Lions vs Titans, 30th Match	New Wanderers Stadium, Johannesburg	-26.2041028	28.0473051	12:30 PM  GMT  / 02:30 PM LOCAL
785	TBC vs TBC, Qualifier	TBC, TBC	36.0845812	-111.3797378	04:00 PM  GMT  / 09:30 PM LOCAL
786	TBC vs TBC, Final	TBC, TBC	36.0845812	-111.3797378	04:00 PM  GMT  / 09:30 PM LOCAL
